"Barcode","Tumor_Sample_Barcode","tumor_type","sample_id","sample","gender","IDH","Mutation","TERT","TERT_status","ATRX_status","RNA_cluster","Random_Forest_cluster"
"TCGA-E1-A7YQ-01A-11R-A34R-07","TCGA-E1-A7YQ-01A","Primary","0834a667-9692-43c9-8cd9-1dc222f658b9","Primary Tumor","female","WT",30,"Expressed",NA,"WT","IDHwt-R1","Mesenchymal"
"TCGA-S9-A7QW-01A-11R-A34F-07","TCGA-S9-A7QW-01A","Primary","f33e300f-fae5-4e59-93bf-7ce708bf95ff","Primary Tumor","female","Mutant",36,"Not expressed",NA,"Mutant","IDHmut-R3","IDH"
"TCGA-FG-A4MU-01B-11R-A28M-07","TCGA-FG-A4MU-01B","Primary","79ea61fa-28f3-4598-8415-ae79b177d1aa","Primary Tumor","male","WT",71,"Expressed","Mutant","WT","IDHwt-R1","RTK II 'Classic'"
"TCGA-QH-A6CU-01A-11R-A31N-07","TCGA-QH-A6CU-01A","Primary","842df84d-da05-4aa5-91a4-c6893eca2082","Primary Tumor","female","Mutant",12,"Expressed",NA,"WT","IDHmut-R3","IDH"
"TCGA-DU-8162-01A-21R-2256-07","TCGA-DU-8162-01A","Primary","e5975922-38e2-496b-8b6d-f6c40a5ebb28","Primary Tumor","female","WT",17,"Not expressed","WT","WT","IDHwt-R4","Mesenchymal"
"TCGA-S9-A7R8-01A-11R-A34R-07","TCGA-S9-A7R8-01A","Primary","9e07da0e-24e4-4322-aaa3-7576f3d6c020","Primary Tumor","female","Mutant",34,"Not expressed",NA,"Mutant","IDHmut-R3","IDH"
"TCGA-DB-A4XG-01A-11R-A27Q-07","TCGA-DB-A4XG-01A","Primary","ee5ea088-6794-4217-ac8d-9ff0366214e1","Primary Tumor","male","Mutant",21,"Expressed","Mutant","WT","IDHmut-R2","IDH"
"TCGA-E1-A7YY-01A-11R-A34R-07","TCGA-E1-A7YY-01A","Primary","4c53f691-203d-43ff-b457-a42e36e0e1ef","Primary Tumor","female","Mutant",2,"Expressed",NA,"WT","IDHmut-R2","Mesenchymal"
"TCGA-RY-A840-01A-11R-A36H-07","TCGA-RY-A840-01A","Primary","18af29c3-f892-40a1-86ae-7780a47974c5","Primary Tumor","male","Mutant",18,"Expressed",NA,"WT","IDHmut-R1","IDH"
"TCGA-S9-A7QZ-01A-12R-A34R-07","TCGA-S9-A7QZ-01A","Primary","800f25c0-fa27-48ce-8c2b-641d675f7c20","Primary Tumor","male","Mutant",38,"Expressed",NA,"WT","IDHmut-R2","IDH"
"TCGA-HT-7688-01A-11R-2256-07","TCGA-HT-7688-01A","Primary","e14f678b-fed4-4963-99b7-f42964d9d2eb","Primary Tumor","male","Mutant",44,"Not expressed","WT","Mutant","IDHmut-R2","IDH"
"TCGA-HT-7680-01A-11R-2256-07","TCGA-HT-7680-01A","Primary","fb130e2b-43b7-488b-9587-a77e2b1b7daa","Primary Tumor","female","WT",3,"Not expressed","WT","WT","IDHwt-R2","Mesenchymal"
"TCGA-P5-A5EZ-01A-11R-A27Q-07","TCGA-P5-A5EZ-01A","Primary","378b86fa-b3e6-45ac-bc62-f09347b285e8","Primary Tumor","male","Mutant",27,"Not expressed","WT","WT","IDHmut-R3","IDH"
"TCGA-HT-8108-01A-11R-2404-07","TCGA-HT-8108-01A","Primary","2666ea61-ba63-4fbb-9c8f-b37f04a482ae","Primary Tumor","female","Mutant",20,"Not expressed","WT","Mutant","IDHmut-R3","IDH"
"TCGA-DU-7301-01A-11R-2090-07","TCGA-DU-7301-01A","Primary","d6bff803-8b4a-44a1-af59-0f2baba7895f","Primary Tumor","male","Mutant",22,"Expressed","WT","Mutant","IDHmut-R3","IDH"
"TCGA-CS-6666-01A-11R-1896-07","TCGA-CS-6666-01A","Primary","e5cd51b3-8756-45dd-b6b2-332ac000e758","Primary Tumor","male","Mutant",18,"Not expressed","WT","Mutant","IDHmut-R3","IDH"
"TCGA-HT-7485-01A-11R-2027-07","TCGA-HT-7485-01A","Primary","85a01364-2e79-4170-b57d-68e52bc1747b","Primary Tumor","male","Mutant",12,"Not expressed","WT","Mutant","IDHmut-R3","IDH"
"TCGA-TM-A7C5-01A-11R-A32Q-07","TCGA-TM-A7C5-01A","Primary","46e887a3-73a8-437b-be01-5cd3057ffe21","Primary Tumor","male","Mutant",21,"Expressed",NA,"WT","IDHmut-R2","IDH"
"TCGA-DU-5847-01A-11R-1708-07","TCGA-DU-5847-01A","Primary","c68fc12c-c538-4a89-9f6e-c0800a5a6b53","Primary Tumor","female","WT",39,"Expressed","Mutant","WT","IDHwt-R2","RTK II 'Classic'"
"TCGA-DB-5279-01A-03R-2347-07","TCGA-DB-5279-01A","Primary","0096c7fb-34e3-4d0f-ba81-3559cc00080a","Primary Tumor","male","Mutant",44,"Expressed","Mutant","WT","IDHmut-R2","IDH"
"TCGA-DH-A7UU-01A-12R-A34F-07","TCGA-DH-A7UU-01A","Primary","f365d6e4-f8a9-4881-9f91-1233d2947770","Primary Tumor","male","Mutant",40,"Not expressed",NA,"WT","IDHmut-R3","IDH"
"TCGA-HT-8012-01A-11R-2403-07","TCGA-HT-8012-01A","Primary","0ac91a89-31ef-46cc-b572-57a5af1e665e","Primary Tumor","female","Mutant",18,"Expressed","Mutant","WT","IDHmut-R1","IDH"
"TCGA-E1-A7Z2-01A-21R-A34R-07","TCGA-E1-A7Z2-01A","Primary","d220c68f-dc22-48c2-b11c-ae86e6e3ff42","Primary Tumor","female","WT",36,"Expressed",NA,"WT","IDHwt-R4","Mesenchymal"
"TCGA-TM-A84C-01A-11R-A36H-07","TCGA-TM-A84C-01A","Primary","8b558af1-2b40-4fcb-9c65-c91a897afc85","Primary Tumor","male","WT",16,"Not expressed",NA,"WT","IDHwt-R2","K27"
"TCGA-HT-7884-01B-11R-2403-07","TCGA-HT-7884-01B","Primary","571f0a90-2db2-4e1a-a944-5f839466ecbb","Primary Tumor","female","Mutant",25,"Not expressed","WT","Mutant","IDHmut-R3","IDH"
"TCGA-DU-5852-01A-11R-1708-07","TCGA-DU-5852-01A","Primary","101aaa90-fe0a-42b7-bcc7-4f44e29883ec","Primary Tumor","female","WT",78,"Expressed","Mutant","Mutant","IDHwt-R3","RTK II 'Classic'"
"TCGA-HT-8111-01A-11R-2404-07","TCGA-HT-8111-01A","Primary","9d366c0c-11a4-4464-9b5b-8f87c6acc418","Primary Tumor","male","Mutant",9,"Not expressed","WT","WT","IDHmut-R3","IDH"
"TCGA-DU-A6S7-01A-21R-A32Q-07","TCGA-DU-A6S7-01A","Primary","33752dc3-5b99-4922-85f9-00f7a58c005f","Primary Tumor","female","Mutant",20,"Not expressed",NA,"Mutant","IDHmut-R3","IDH"
"TCGA-S9-A7IX-01A-12R-A34F-07","TCGA-S9-A7IX-01A","Primary","02887d01-e2a1-4860-a811-203eee0a61d3","Primary Tumor","male","WT",31,"Not expressed",NA,"WT","IDHwt-R4","Mesenchymal"
"TCGA-FG-A4MX-01A-11R-A26U-07","TCGA-FG-A4MX-01A","Primary","c68078f1-31fa-4cad-b7ff-851156833fe5","Primary Tumor","male","Mutant",17,"Not expressed","WT","Mutant","IDHmut-R3","IDH"
"TCGA-VM-A8C8-01A-11R-A36H-07","TCGA-VM-A8C8-01A","Primary","864a79f7-5a45-42f5-99c5-297d282b0593","Primary Tumor","female","Mutant",38,"Not expressed",NA,"Mutant","IDHmut-R3","IDH"
"TCGA-FG-A6J3-01A-11R-A31N-07","TCGA-FG-A6J3-01A","Primary","39b6a86a-cca1-4636-aae3-53e4aef890a0","Primary Tumor","female","Mutant",68,"Not expressed",NA,"WT","IDHmut-R3","IDH"
"TCGA-HW-7491-01A-11R-2027-07","TCGA-HW-7491-01A","Primary","391497fe-a96b-4cd7-8ea0-0c7956fd10ac","Primary Tumor","male","Mutant",16,"Expressed","Mutant","WT","IDHmut-R1","IDH"
"TCGA-E1-A7YK-01A-11R-A34F-07","TCGA-E1-A7YK-01A","Primary","1cf0e464-a416-4c93-bcd6-9ceced99936e","Primary Tumor","male","Mutant",35,"Not expressed",NA,"Mutant","IDHmut-R3","IDH"
"TCGA-FG-7643-01A-11R-2090-07","TCGA-FG-7643-01A","Primary","71f68bc7-2612-4d84-8948-5a06d30af488","Primary Tumor","female","WT",30,"Not expressed","Mutant","WT","IDHwt-R4","Mesenchymal"
"TCGA-R8-A6YH-01A-21R-A32Q-07","TCGA-R8-A6YH-01A","Primary","ef20b0be-2cd0-4193-b564-5c3f0bfbf0c9","Primary Tumor",NA,"Mutant",9,"Not expressed",NA,"Mutant","IDHmut-R3","IDH"
"TCGA-DH-A7UR-01A-11R-A33Z-07","TCGA-DH-A7UR-01A","Primary","3f4d540a-5d6d-4c80-bc3f-32a679bd1302","Primary Tumor","female","Mutant",51,"Expressed",NA,"WT","IDHmut-R1","IDH"
"TCGA-DU-5854-01A-11R-1708-07","TCGA-DU-5854-01A","Primary","d5baa53a-958c-4163-a388-d3c957c891f9","Primary Tumor","female","WT",47,"Expressed","Mutant","WT","IDHwt-R2","Mesenchymal"
"TCGA-DU-6404-01A-11R-1708-07","TCGA-DU-6404-01A","Primary","1f5a0c14-d1c1-4e88-bc19-abfafff97445","Primary Tumor","female","WT",11,"Not expressed","WT","WT","IDHwt-R2","Mesenchymal"
"TCGA-DU-8163-01A-11R-2256-07","TCGA-DU-8163-01A","Primary","5911edd4-cef7-468b-9367-86dcd3e7aac0","Primary Tumor","male","Mutant",12,"Not expressed","WT","Mutant","IDHmut-R3","IDH"
"TCGA-HT-7856-01A-11R-2403-07","TCGA-HT-7856-01A","Primary","0e4fc80c-742d-424d-8b1e-e03113227594","Primary Tumor","male","Mutant",8,"Expressed","Mutant","WT","IDHmut-R2","Mesenchymal"
"TCGA-DU-7012-01A-11R-2027-07","TCGA-DU-7012-01A","Primary","6dfe066d-14bd-4400-8a06-4db8530e76ea","Primary Tumor","female","WT",62,"Expressed","Mutant","WT","IDHwt-R2","Mesenchymal"
"TCGA-FG-A6IZ-01A-11R-A31N-07","TCGA-FG-A6IZ-01A","Primary","40fcf5b5-8d36-4f41-8871-4313b4df4af3","Primary Tumor","male","Mutant",43,"Expressed",NA,"WT","IDHmut-R1","IDH"
"TCGA-DH-A66F-01A-11R-A29R-07","TCGA-DH-A66F-01A","Primary","b434838f-2eb4-4d42-8d15-d35e62f15d3c","Primary Tumor","male","Mutant",15,"Expressed","Mutant","WT","IDHmut-R1","IDH"
"TCGA-DU-A7TB-01A-11R-A33Z-07","TCGA-DU-A7TB-01A","Primary","db096d6f-9a5b-421e-97e8-83b9c7f10e30","Primary Tumor","male","WT",33,"Expressed",NA,"WT","IDHwt-R3","Mesenchymal"
"TCGA-DB-A64W-01A-11R-A29R-07","TCGA-DB-A64W-01A","Primary","3193b9c5-0768-4d3d-a909-785ca78c3bf9","Primary Tumor","female","Mutant",47,"Expressed","Mutant","WT","IDHmut-R1","IDH"
"TCGA-DU-A7TD-01A-12R-A34F-07","TCGA-DU-A7TD-01A","Primary","04bf359b-e535-467a-bad7-4c1284c6adf4","Primary Tumor","male","WT",46,"Expressed",NA,"WT","IDHwt-R3","Mesenchymal"
"TCGA-TQ-A7RJ-01A-11R-A33Z-07","TCGA-TQ-A7RJ-01A","Primary","7dff820b-e472-4f13-a56a-f6d1976e60b3","Primary Tumor","female","Mutant",23,"Not expressed",NA,"Mutant","IDHmut-R3","IDH"
"TCGA-DU-7290-01A-11R-2027-07","TCGA-DU-7290-01A","Primary","942b676c-ccfd-4005-a564-c48f558d5d3b","Primary Tumor","female","WT",35,"Not expressed","Mutant","WT","IDHwt-R2","RTK II 'Classic'"
"TCGA-HW-7489-01A-11R-2027-07","TCGA-HW-7489-01A","Primary","b4e032d1-b12e-4dc0-8978-899760f0a245","Primary Tumor","male","Mutant",16,"Not expressed","WT","Mutant","IDHmut-R2","IDH"
"TCGA-DU-A5TT-01A-11R-A28M-07","TCGA-DU-A5TT-01A","Primary","4b5e977e-76b2-4b52-9a1f-7877ec7aec8f","Primary Tumor","male","WT",52,"Expressed","Mutant","WT","IDHwt-R4","Mesenchymal"
"TCGA-S9-A6UA-01A-12R-A33Z-07","TCGA-S9-A6UA-01A","Primary","a8aa5e06-435b-41e3-a883-2cdaccf8837b","Primary Tumor","male","WT",38,"Not expressed",NA,"Mutant","IDHwt-R2","Mesenchymal"
"TCGA-HT-7601-01A-11R-2090-07","TCGA-HT-7601-01A","Primary","7f6b5679-49e1-498d-bd1f-a757cd7db4cc","Primary Tumor","female","Mutant",19,"Not expressed","WT","WT","IDHmut-R3","IDH"
"TCGA-DH-A66D-01A-11R-A31N-07","TCGA-DH-A66D-01A","Primary","e83b9444-2a56-454b-8b52-15841b7184a1","Primary Tumor","female","Mutant",34,"Not expressed",NA,"Mutant","IDHmut-R3","IDH"
"TCGA-HT-7877-01A-11R-2403-07","TCGA-HT-7877-01A","Primary","3b111848-da6b-478d-a569-b249a8f820d5","Primary Tumor","female","Mutant",11,"Expressed","Mutant","WT","IDHmut-R2","IDH"
"TCGA-E1-A7YE-01A-11R-A34F-07","TCGA-E1-A7YE-01A","Primary","8bf3b3f3-1735-49d5-b6b9-b1fddacd6a02","Primary Tumor","female","Mutant",71,"Not expressed",NA,"Mutant","IDHmut-R3","IDH"
"TCGA-HT-A74H-01A-11R-A32Q-07","TCGA-HT-A74H-01A","Primary","10712c77-9a19-4bb7-ac1a-b74a0a50f2be","Primary Tumor","male","WT",47,"Not expressed",NA,"WT","IDHwt-R4","Mesenchymal"
"TCGA-DU-5870-02A-12R-A36H-07","TCGA-DU-5870-02A","Recurrence","97132594-2f4f-4e47-b301-f9895301632d","Recurrent Tumor","female",NA,NA,NA,NA,NA,NA,NA
"TCGA-QH-A6CW-01A-11R-A32Q-07","TCGA-QH-A6CW-01A","Primary","c3f37b41-abbc-45c6-8ae0-ebc33fbcdba2","Primary Tumor","male","Mutant",30,"Not expressed",NA,"Mutant","IDHmut-R3","IDH"
"TCGA-HW-8322-01A-11R-2404-07","TCGA-HW-8322-01A","Primary","a434ea0f-8e75-4ec7-991c-1f029955a159","Primary Tumor","male","Mutant",17,"Expressed","Mutant","WT","IDHmut-R1","IDH"
"TCGA-WY-A85C-01A-11R-A36H-07","TCGA-WY-A85C-01A","Primary","d35e7d1e-0e3c-4fc5-8809-d8f879e6adea","Primary Tumor","male","Mutant",24,"Not expressed",NA,"WT","IDHmut-R3","IDH"
"TCGA-TM-A84B-01A-11R-A36H-07","TCGA-TM-A84B-01A","Primary","05c7e7ca-5394-4015-98e4-64b4eb4a80e5","Primary Tumor","male","WT",41,"Expressed",NA,"WT","IDHwt-R3","RTK II 'Classic'"
"TCGA-HT-7470-01A-12R-2090-07","TCGA-HT-7470-01A","Primary","c6171ccf-9675-47c6-a23e-e33d74014080","Primary Tumor","male","Mutant",37,"Not expressed","WT","Mutant","IDHmut-R2","IDH"
"TCGA-RY-A847-01A-11R-A36H-07","TCGA-RY-A847-01A","Primary","bf8e8426-dc44-40b0-8459-ad1dbaf9ba5a","Primary Tumor","male","Mutant",13,"Expressed",NA,"WT","IDHmut-R2","IDH"
"TCGA-QH-A6CS-01A-11R-A31N-07","TCGA-QH-A6CS-01A","Primary","e5aece91-899d-483a-9665-d74529460fee","Primary Tumor","male","WT",14,NA,NA,"WT",NA,"Mesenchymal"
"TCGA-TQ-A7RH-01A-12R-A34F-07","TCGA-TQ-A7RH-01A","Primary","30ea36be-0d81-48ba-9195-ef360a893149","Primary Tumor","male","Mutant",30,"Not expressed",NA,"Mutant","IDHmut-R3","IDH"
"TCGA-DU-6407-01A-13R-1708-07","TCGA-DU-6407-01A","Primary","29d91f2b-c040-46bc-9b9e-3a41790dc664","Primary Tumor","female","Mutant",21,"Not expressed","WT","Mutant","IDHmut-R3","IDH"
"TCGA-DH-A669-02A-11R-A31N-07","TCGA-DH-A669-02A","Recurrence","dfc7f355-5480-4f67-a6b5-1f2945d15a36","Recurrent Tumor","male",NA,NA,NA,NA,NA,NA,NA
"TCGA-S9-A7R1-01A-12R-A34R-07","TCGA-S9-A7R1-01A","Primary","11e38523-4adf-4c10-9a47-af4aa070784e","Primary Tumor","male","Mutant",11,"Expressed",NA,"WT","IDHmut-R2","IDH"
"TCGA-HT-A61C-01A-11R-A29R-07","TCGA-HT-A61C-01A","Primary","2037dd37-9571-4f5e-80f4-8ccabebd2a29","Primary Tumor","male","WT",41,"Expressed","Mutant","WT","IDHwt-R3","RTK I 'PDGFRA'"
"TCGA-S9-A6U5-01A-12R-A33Z-07","TCGA-S9-A6U5-01A","Primary","24332cd7-3a92-4ce3-b7c0-97f42041dfb9","Primary Tumor","male","Mutant",17,"Expressed",NA,"WT","IDHmut-R1","IDH"
"TCGA-TM-A84O-01A-11R-A36H-07","TCGA-TM-A84O-01A","Primary","313245ef-7d64-4158-bce8-8ff9d90952ba","Primary Tumor","female","Mutant",32,"Not expressed",NA,"WT","IDHmut-R1","IDH"
"TCGA-DB-A64Q-01A-11R-A29R-07","TCGA-DB-A64Q-01A","Primary","4b48540f-d137-4cb8-b303-50568883e807","Primary Tumor","female","Mutant",19,"Not expressed","Mutant","WT","IDHmut-R1","IDH"
"TCGA-DU-A76R-01A-11R-A32Q-07","TCGA-DU-A76R-01A","Primary","5d94edfe-cda1-4dd3-82cf-8664faeab01b","Primary Tumor","male","Mutant",41,"Expressed",NA,"WT","IDHmut-R2","IDH"
"TCGA-E1-A7Z6-01A-11R-A34R-07","TCGA-E1-A7Z6-01A","Primary","ea584b75-e970-4a0b-97c4-8a83333ca650","Primary Tumor","female","Mutant",18,"Not expressed",NA,"Mutant","IDHmut-R3","IDH"
"TCGA-QH-A6X4-01A-51R-A32Q-07","TCGA-QH-A6X4-01A","Primary","4a31b528-daa9-4793-b3e9-282a49245868","Primary Tumor","male","Mutant",26,"Expressed",NA,"WT","IDHmut-R1","IDH"
"TCGA-S9-A7R2-01A-21R-A34R-07","TCGA-S9-A7R2-01A","Primary","18f450b7-1ccb-4b6a-b74e-9737bd45753f","Primary Tumor","male","WT",35,"Expressed",NA,"WT","IDHwt-R4","Mesenchymal"
"TCGA-S9-A7IY-01A-11R-A34F-07","TCGA-S9-A7IY-01A","Primary","c9ed2fcb-cf29-492d-bd8a-9756355ce9bd","Primary Tumor","male","Mutant",23,"Expressed",NA,"WT","IDHmut-R1","IDH"
"TCGA-DB-A64U-01A-11R-A29R-07","TCGA-DB-A64U-01A","Primary","ad4169f4-e1d8-4fea-a73d-ddae843bfb0e","Primary Tumor","female","Mutant",9,"Expressed","Mutant","WT","IDHmut-R1","IDH"
"TCGA-CS-4943-01A-01R-1470-07","TCGA-CS-4943-01A","Primary","e2972032-86b3-400f-90ef-2ba7ae5ac969","Primary Tumor","male","Mutant",30,"Not expressed","WT","Mutant","IDHmut-R3","IDH"
"TCGA-HT-7676-01A-11R-2403-07","TCGA-HT-7676-01A","Primary","2479157e-59e4-49a2-abc7-bce11fbbd45f","Primary Tumor","male","Mutant",17,"Not expressed","WT","Mutant","IDHmut-R3","IDH"
"TCGA-TM-A84L-01A-11R-A36H-07","TCGA-TM-A84L-01A","Primary","60fbf123-9e93-4f6b-bac5-938505b651b9","Primary Tumor","male","Mutant",22,"Not expressed",NA,"Mutant","IDHmut-R3","IDH"
"TCGA-HT-A74K-01A-11R-A32Q-07","TCGA-HT-A74K-01A","Primary","2bac64ac-4cf2-45d8-b232-35f7106a9a6e","Primary Tumor","female","Mutant",31,"Expressed",NA,"WT","IDHmut-R1","IDH"
"TCGA-HT-8019-01A-21R-2404-07","TCGA-HT-8019-01A","Primary","57be4138-62a3-437a-a95a-5cf1b81971cb","Primary Tumor","female","WT",1,"Not expressed","WT","WT","IDHwt-R4","Mesenchymal"
"TCGA-S9-A6U0-01A-12R-A32Q-07","TCGA-S9-A6U0-01A","Primary","182a9f22-b922-4bc8-9ccc-cb43d82ab240","Primary Tumor","male","WT",41,"Expressed",NA,"WT","IDHwt-R3","Mesenchymal"
"TCGA-IK-7675-01A-11R-2090-07","TCGA-IK-7675-01A","Primary","661f567e-3e63-4692-8ef8-b80a83e6c8de","Primary Tumor","male","Mutant",44,"Not expressed","WT","Mutant","IDHmut-R3","IDH"
"TCGA-CS-6667-01A-12R-2027-07","TCGA-CS-6667-01A","Primary","fa7a9b2d-cb57-4985-85e0-b5661b482cc6","Primary Tumor","female","Mutant",23,"Not expressed","WT","WT","IDHmut-R3","IDH"
"TCGA-P5-A735-01A-11R-A32Q-07","TCGA-P5-A735-01A","Primary","22ed7c92-0d19-4cc9-a3d2-ac96c2aaa9dd","Primary Tumor","female","Mutant",25,"Not expressed",NA,"Mutant","IDHmut-R3","IDH"
"TCGA-DU-7014-01A-11R-2027-07","TCGA-DU-7014-01A","Primary","050f26d9-b105-412a-9e5b-36840a1843e3","Primary Tumor","male",NA,NA,"Not expressed",NA,NA,NA,"IDH"
"TCGA-QH-A86X-01A-11R-A36H-07","TCGA-QH-A86X-01A","Primary","66cac82b-7066-4bf9-933d-c9faaa7b5d50","Primary Tumor","male","Mutant",13,"Expressed",NA,"WT","IDHmut-R1","IDH"
"TCGA-S9-A6U8-01A-21R-A33Z-07","TCGA-S9-A6U8-01A","Primary","f615a5dd-dab8-479d-b909-9c46eb438470","Primary Tumor","male","Mutant",17,"Not expressed",NA,"Mutant","IDHmut-R3","IDH"
"TCGA-S9-A6TZ-01A-21R-A32Q-07","TCGA-S9-A6TZ-01A","Primary","5b362149-9c35-4d31-8465-0adc0838dfc3","Primary Tumor","female","Mutant",26,"Expressed",NA,"WT","IDHmut-R3","IDH"
"TCGA-HT-8110-01A-11R-2404-07","TCGA-HT-8110-01A","Primary","d9e5679e-02d8-49de-b83a-24ae234311ba","Primary Tumor","male","WT",37,"Expressed","Mutant","WT","IDHwt-R2","Mesenchymal"
"TCGA-S9-A6TW-01A-12R-A32Q-07","TCGA-S9-A6TW-01A","Primary","3074e14d-5c9d-4ddc-a34c-18fd2a3c9bcc","Primary Tumor","male","Mutant",28,"Expressed",NA,"WT","IDHmut-R1","IDH"
"TCGA-P5-A5F2-01A-11R-A28M-07","TCGA-P5-A5F2-01A","Primary","395c07f0-98c2-4bd2-9f1d-1de15682c599","Primary Tumor","female","Mutant",25,"Not expressed","WT","Mutant","IDHmut-R2","IDH"
"TCGA-S9-A89V-01A-11R-A36H-07","TCGA-S9-A89V-01A","Primary","ec704e76-64fd-4bcb-a75d-00df3f75ff7c","Primary Tumor","male","WT",35,"Not expressed",NA,"Mutant","IDHwt-R3","Mesenchymal"
"TCGA-DU-A6S2-01A-21R-A32Q-07","TCGA-DU-A6S2-01A","Primary","4e3f8a46-a57f-4780-bfe7-58557df8e592","Primary Tumor","female","Mutant",16,"Expressed",NA,"WT","IDHmut-R2","IDH"
"TCGA-QH-A6CX-01A-11R-A32Q-07","TCGA-QH-A6CX-01A","Primary","6297f224-7379-4fcd-86f7-0a2410ea5cd1","Primary Tumor","male","WT",30,"Expressed",NA,"WT","IDHwt-R4","Mesenchymal"
"TCGA-QH-A6X8-01A-12R-A32Q-07","TCGA-QH-A6X8-01A","Primary","01ee4ea4-d1b1-4950-8d4b-d3644690e86f","Primary Tumor","female","Mutant",31,"Expressed",NA,"WT","IDHmut-R1","IDH"
"TCGA-FG-A4MT-01A-11R-A26U-07","TCGA-FG-A4MT-01A","Primary","18c49a42-5eb4-4a3f-9233-c2557ea684bf","Primary Tumor","female","Mutant",19,"Not expressed","WT","Mutant","IDHmut-R3","IDH"
"TCGA-P5-A5EV-01A-11R-A27Q-07","TCGA-P5-A5EV-01A","Primary","215d0a23-3e8d-4888-a971-3643e57b4c36","Primary Tumor","male","Mutant",64,"Not expressed","WT","Mutant","IDHmut-R3","IDH"
"TCGA-HT-8013-01A-11R-2403-07","TCGA-HT-8013-01A","Primary","41ffc690-3e16-48e8-ba47-0f6a8b064c2b","Primary Tumor","female","Mutant",23,"Not expressed","WT","Mutant","IDHmut-R3","IDH"
"TCGA-HT-A617-01A-11R-A29R-07","TCGA-HT-A617-01A","Primary","1581b456-85b4-43e2-9be0-7c4470aa7286","Primary Tumor","male","WT",15,"Not expressed","Mutant","WT","IDHwt-R4","Mesenchymal"
"TCGA-FG-A4MW-01A-11R-A26U-07","TCGA-FG-A4MW-01A","Primary","6843e29f-57b9-45e9-8aa3-c28fa5d0cd68","Primary Tumor","male","WT",85,"Expressed","Mutant","WT","IDHwt-R3","RTK II 'Classic'"
"TCGA-P5-A733-01A-11R-A32Q-07","TCGA-P5-A733-01A","Primary","342d5641-1882-4b24-b0ad-7027d5b97658","Primary Tumor","female","Mutant",29,"Not expressed",NA,"Mutant","IDHmut-R3","IDH"
"TCGA-DU-6397-01A-11R-1708-07","TCGA-DU-6397-01A","Primary","aeb67aea-f2aa-4181-8e25-7653341a0b61","Primary Tumor","male","Mutant",20,"Expressed","Mutant","WT","IDHmut-R1","IDH"
"TCGA-S9-A6UB-01A-21R-A33Z-07","TCGA-S9-A6UB-01A","Primary","5fbacd23-d8b1-4ab0-a612-55d30123064f","Primary Tumor","male","Mutant",28,"Expressed",NA,"WT","IDHmut-R1","IDH"
"TCGA-P5-A77W-01A-11R-A32Q-07","TCGA-P5-A77W-01A","Primary","7e7ff107-b8f5-42f3-8080-e95cc2f3219c","Primary Tumor","female","Mutant",23,"Expressed",NA,"WT","IDHmut-R1","IDH"
"TCGA-TQ-A7RQ-01A-11R-A33Z-07","TCGA-TQ-A7RQ-01A","Primary","823c76c6-4e1b-4823-b28f-e660a6dfe13c","Primary Tumor","female","Mutant",15,"Expressed",NA,"WT","IDHmut-R1","IDH"
"TCGA-P5-A5EW-01A-11R-A27Q-07","TCGA-P5-A5EW-01A","Primary","1d4f6dc4-a73f-4c9e-9340-8d32924e822d","Primary Tumor","female","Mutant",16,"Not expressed","WT","Mutant","IDHmut-R3","IDH"
"TCGA-DU-8164-01A-11R-2256-07","TCGA-DU-8164-01A","Primary","531e3db6-1dfb-4c36-a51c-b8a9c913196a","Primary Tumor","male","Mutant",24,"Expressed","Mutant","WT","IDHmut-R2","IDH"
"TCGA-FG-A4MY-01A-11R-A26U-07","TCGA-FG-A4MY-01A","Primary","6db4de4f-e0e1-4923-9c69-a7ffa5fc3671","Primary Tumor","female","Mutant",22,"Not expressed","WT","Mutant","IDHmut-R3","IDH"
"TCGA-HT-8564-01A-11R-2404-07","TCGA-HT-8564-01A","Primary","bc5744f2-1fba-4d80-98af-24aa89f5a597","Primary Tumor","male","WT",544,"Not expressed","WT","WT","IDHwt-R4","RTK I 'PDGFRA'"
"TCGA-RY-A83X-01A-11R-A36H-07","TCGA-RY-A83X-01A","Primary","5c88e117-ac37-49a9-a3d9-a1059b6a3671","Primary Tumor","female","Mutant",17,"Expressed",NA,"WT","IDHmut-R1","IDH"
"TCGA-HT-7874-01A-11R-2403-07","TCGA-HT-7874-01A","Primary","9b2c26f6-7d5c-4652-914b-78e57eb9b4de","Primary Tumor","female","Mutant",15,"Not expressed","Mutant","WT","IDHmut-R2","Mesenchymal"
"TCGA-TQ-A7RI-01A-11R-A33Z-07","TCGA-TQ-A7RI-01A","Primary","1de958fd-7ceb-4ee5-8fea-52ee115fc454","Primary Tumor","female","Mutant",17,"Expressed",NA,"WT","IDHmut-R1","IDH"
"TCGA-DU-6395-01A-13R-1708-07","TCGA-DU-6395-01A","Primary","a4ca61cf-218a-4401-aed3-2c7559267a56","Primary Tumor","male","Mutant",25,"Not expressed",NA,"Mutant","IDHmut-R3","IDH"
"TCGA-CS-4944-01A-01R-1470-07","TCGA-CS-4944-01A","Primary","f1aa24e4-bc7f-427f-9ceb-8caafabfe535","Primary Tumor","male","Mutant",20,"Expressed","Mutant","WT","IDHmut-R3","IDH"
"TCGA-DB-A64S-01A-11R-A29R-07","TCGA-DB-A64S-01A","Primary","c8ba5f2a-be53-4b7f-a06c-5c9d6d0d960c","Primary Tumor","male","Mutant",8,"Not expressed","WT","Mutant","IDHmut-R3","IDH"
"TCGA-DU-7007-01A-11R-2027-07","TCGA-DU-7007-01A","Primary","e8e363d0-d9ea-478f-880c-7aded5846237","Primary Tumor","male","Mutant",40,"Not expressed","WT","Mutant","IDHmut-R3","IDH"
"TCGA-S9-A6U6-01A-12R-A33Z-07","TCGA-S9-A6U6-01A","Primary","29536379-befa-43b2-9e9f-acb71a18a7aa","Primary Tumor","male","Mutant",27,"Not expressed",NA,"Mutant","IDHmut-R2","IDH"
"TCGA-HT-8113-01A-11R-2404-07","TCGA-HT-8113-01A","Primary","96d94da8-ba96-4d08-a4f5-8b20408cdb50","Primary Tumor","female","Mutant",12,"Expressed","Mutant","WT","IDHmut-R2","Mesenchymal"
"TCGA-S9-A7QY-01A-11R-A34F-07","TCGA-S9-A7QY-01A","Primary","f1db3050-fc83-476d-b865-8bae3e151172","Primary Tumor","female","Mutant",30,"Expressed",NA,"WT","IDHmut-R1","IDH"
"TCGA-DB-5276-01A-01R-1470-07","TCGA-DB-5276-01A","Primary","11cb167f-cd54-409f-bfea-511e620c96fc","Primary Tumor","male","Mutant",11,"Not expressed","WT","Mutant","IDHmut-R3","Mesenchymal"
"TCGA-DU-A7T6-01A-11R-A33Z-07","TCGA-DU-A7T6-01A","Primary","542a367d-d5f2-4d93-b9e0-f7702372a36c","Primary Tumor","female","Mutant",98,"Expressed",NA,"WT","IDHmut-R1","IDH"
"TCGA-E1-5305-01A-01R-1896-07","TCGA-E1-5305-01A","Primary","1b3185bf-9def-4b13-93f8-02cf3171464a","Primary Tumor","male","Mutant",23,"Not expressed","WT","Mutant","IDHmut-R2","IDH"
"TCGA-S9-A6WG-01A-11R-A33Z-07","TCGA-S9-A6WG-01A","Primary","623983b8-9f26-4952-9c03-72c171c5e355","Primary Tumor","male","Mutant",19,"Not expressed",NA,"Mutant","IDHmut-R3","IDH"
"TCGA-S9-A6WO-01A-21R-A34F-07","TCGA-S9-A6WO-01A","Primary","36c966c0-7324-44f6-af15-21d0be699f73","Primary Tumor","male","Mutant",22,"Not expressed",NA,"Mutant","IDHmut-R3","IDH"
"TCGA-FG-A60K-01A-11R-A29R-07","TCGA-FG-A60K-01A","Primary","cc7b89bc-2563-49b1-8aa2-5fb0f0ffc278","Primary Tumor","female","Mutant",18,"Expressed","Mutant","WT","IDHmut-R1","IDH"
"TCGA-S9-A7R7-01A-11R-A34R-07","TCGA-S9-A7R7-01A","Primary","26d2fd1f-6e53-4bb2-85c7-31557792df6e","Primary Tumor","male","Mutant",24,"Not expressed",NA,"Mutant","IDHmut-R3","IDH"
"TCGA-HT-7684-01A-11R-2256-07","TCGA-HT-7684-01A","Primary","f83775f2-6daf-4397-8e5c-a8d9f8d8c762","Primary Tumor","male","Mutant",29,"Expressed","Mutant","WT","IDHmut-R3","IDH"
"TCGA-HT-7479-01A-11R-2027-07","TCGA-HT-7479-01A","Primary","25bd7d8e-db92-422d-a54e-7461ec2f7965","Primary Tumor","male","Mutant",19,"Not expressed","Mutant","WT","IDHmut-R3","IDH"
"TCGA-HW-8319-01A-11R-2404-07","TCGA-HW-8319-01A","Primary","ad9462e4-7807-459d-bec5-7bc3ffb316bc","Primary Tumor","female","Mutant",34,"Not expressed","WT","Mutant","IDHmut-R3","IDH"
"TCGA-DH-A7UT-01A-12R-A34F-07","TCGA-DH-A7UT-01A","Primary","8ee5ef13-cefb-4882-ad66-b5ee9a7c5acd","Primary Tumor","male","Mutant",16,"Not expressed",NA,"WT","IDHmut-R3","IDH"
"TCGA-HT-7616-01A-11R-2256-07","TCGA-HT-7616-01A","Primary","9bb4006b-fefc-412d-b0df-f11edc00495f","Primary Tumor","male","Mutant",37,"Not expressed","Mutant","WT","IDHmut-R1","IDH"
"TCGA-DU-8158-01A-11R-2256-07","TCGA-DU-8158-01A","Primary","3fa8a08c-cd22-4e96-8d41-aa7ca1760436","Primary Tumor","female","WT",37,"Not expressed","Mutant","WT","IDHwt-R2","Mesenchymal"
"TCGA-TQ-A7RN-01A-11R-A33Z-07","TCGA-TQ-A7RN-01A","Primary","d5dd6df4-cd9b-48d3-9dc5-e1aaa2d37836","Primary Tumor","male","Mutant",20,"Expressed",NA,"WT","IDHmut-R1","IDH"
"TCGA-QH-A65V-01A-11R-A29R-07","TCGA-QH-A65V-01A","Primary","3b7bc844-6490-46d9-bb72-081c634f588a","Primary Tumor","female","Mutant",22,"Expressed","Mutant","WT","IDHmut-R1","IDH"
"TCGA-HT-7469-01A-11R-2256-07","TCGA-HT-7469-01A","Primary","3b977870-9e58-4f81-845c-347724171109","Primary Tumor","male","WT",35,"Not expressed","WT","Mutant","IDHwt-R3","G34"
"TCGA-DU-6404-02A-21R-A36H-07","TCGA-DU-6404-02A","Recurrence","27e52320-bc07-4714-aa09-98fb2c851522","Recurrent Tumor","female",NA,NA,NA,NA,NA,NA,NA
"TCGA-DU-6404-02B-11R-A36H-07","TCGA-DU-6404-02B","Recurrence","30466de1-8963-4208-b4b6-3f635992b970","Recurrent Tumor","female",NA,NA,NA,NA,NA,NA,NA
"TCGA-WY-A858-01A-11R-A36H-07","TCGA-WY-A858-01A","Primary","64160d0f-2443-44c0-9604-88624381985d","Primary Tumor","female","Mutant",34,"Not expressed",NA,"Mutant","IDHmut-R3","IDH"
"TCGA-HT-7879-01A-11R-2403-07","TCGA-HT-7879-01A","Primary","5c724d2b-cc13-4fef-ae5b-15da6edef521","Primary Tumor","male","Mutant",14,"Not expressed","WT","Mutant","IDHmut-R3","IDH"
"TCGA-DU-7309-01A-11R-2090-07","TCGA-DU-7309-01A","Primary","49aa3461-77f9-4b1b-be42-790f9711d8c2","Primary Tumor","female","Mutant",28,"Not expressed","WT","Mutant","IDHmut-R2","IDH"
"TCGA-DU-A76O-01A-11R-A32Q-07","TCGA-DU-A76O-01A","Primary","d5fea363-fdcb-49fe-8d5a-caca12d7ea2c","Primary Tumor","male","Mutant",18,"Not expressed",NA,"Mutant","IDHmut-R3","IDH"
"TCGA-S9-A7IQ-01A-21R-A34F-07","TCGA-S9-A7IQ-01A","Primary","af5791df-e420-4bd7-996f-fd6f5a064055","Primary Tumor","female","Mutant",11,"Expressed",NA,"WT","IDHmut-R2","IDH"
"TCGA-FG-A70Y-01A-12R-A34R-07","TCGA-FG-A70Y-01A","Primary","dbc8da09-aa82-4904-9a1c-0021ba9345a8","Primary Tumor","female","Mutant",15,"Not expressed",NA,"Mutant","IDHmut-R3","IDH"
"TCGA-DB-5277-01A-01R-1470-07","TCGA-DB-5277-01A","Primary","024c83cf-cc50-4a5b-892d-5568fcc8ef61","Primary Tumor","male","Mutant",37,"Not expressed","WT","WT","IDHmut-R3","IDH"
"TCGA-CS-5390-01A-02R-1470-07","TCGA-CS-5390-01A","Primary","97edd231-e0aa-4b19-b7bd-e1d4583f1f1e","Primary Tumor","female","Mutant",32,"Expressed","Mutant","WT","IDHmut-R1","IDH"
"TCGA-FG-6688-01A-11R-1896-07","TCGA-FG-6688-01A","Primary","8594744f-f317-4022-991b-21891da7f80a","Primary Tumor","female","WT",60,"Not expressed","Mutant","WT","IDHwt-R2","Mesenchymal"
"TCGA-DU-5871-01A-12R-1708-07","TCGA-DU-5871-01A","Primary","85df37a7-8752-4a2e-831f-5ce639ce9190","Primary Tumor","female","Mutant",25,"Not expressed","WT","Mutant","IDHmut-R3","IDH"
"TCGA-HT-7473-01A-11R-2027-07","TCGA-HT-7473-01A","Primary","d302390b-4b66-48e6-92de-612504b34fa3","Primary Tumor","male","Mutant",16,"Not expressed","WT","Mutant","IDHmut-R3","IDH"
"TCGA-HT-A616-01A-11R-A29R-07","TCGA-HT-A616-01A","Primary","ddbe6f2c-5fce-4946-a410-27bcd33a6297","Primary Tumor","female","Mutant",21,"Not expressed","WT","Mutant","IDHmut-R2","IDH"
"TCGA-S9-A6TY-01A-12R-A32Q-07","TCGA-S9-A6TY-01A","Primary","ef30940b-403d-4de4-b1aa-bffef562948c","Primary Tumor","male","Mutant",19,"Expressed",NA,"WT","IDHmut-R2","IDH"
"TCGA-DH-5143-01A-01R-1470-07","TCGA-DH-5143-01A","Primary","570101b6-3670-4d1a-a94d-0ddc8df42061","Primary Tumor","male","Mutant",23,"Not expressed","WT","WT","IDHmut-R2","IDH"
"TCGA-TQ-A7RO-01A-11R-A33Z-07","TCGA-TQ-A7RO-01A","Primary","24f8acbb-2759-4196-acaf-ef27c87dd4b3","Primary Tumor","male","Mutant",20,"Expressed",NA,"WT","IDHmut-R1","IDH"
"TCGA-HT-A5R9-01A-11R-A28M-07","TCGA-HT-A5R9-01A","Primary","1f6817fb-0e1f-452d-89cb-088604f98e92","Primary Tumor","female","Mutant",32,"Expressed","Mutant","WT","IDHmut-R1","IDH"
"TCGA-HT-7692-01A-12R-2256-07","TCGA-HT-7692-01A","Primary","e06804bd-dfc2-4bca-a9fb-945480910560","Primary Tumor","male","Mutant",20,"Expressed","Mutant","WT","IDHmut-R1","IDH"
"TCGA-DU-A7TA-01A-11R-A33Z-07","TCGA-DU-A7TA-01A","Primary","2e42444b-9f5d-4fd3-b37c-9828da49c188","Primary Tumor","male","Mutant",36,"Not expressed",NA,"Mutant","IDHmut-R3","IDH"
"TCGA-HT-7605-01A-11R-2090-07","TCGA-HT-7605-01A","Primary","0681d35a-3970-4909-bf33-d92315e64309","Primary Tumor","male","Mutant",22,"Not expressed","Mutant","WT","IDHmut-R2","IDH"
"TCGA-HT-7690-01A-11R-2256-07","TCGA-HT-7690-01A","Primary","a31e87bd-0ab6-4af7-83df-ce3d9547e83b","Primary Tumor","male","Mutant",19,"Not expressed","WT","Mutant","IDHmut-R3","IDH"
"TCGA-S9-A7IS-01A-11R-A34F-07","TCGA-S9-A7IS-01A","Primary","c8b3135f-1455-40ee-bfd3-669961cffcb3","Primary Tumor","female","Mutant",49,"Expressed",NA,"Mutant","IDHmut-R3","IDH"
"TCGA-DU-6392-01A-11R-1708-07","TCGA-DU-6392-01A","Primary","14780bb2-67a9-4aca-bce4-12793fb1808e","Primary Tumor","female","WT",12255,"Not expressed",NA,"Mutant","IDHwt-R3","RTK I 'PDGFRA'"
"TCGA-HT-7467-01A-11R-2027-07","TCGA-HT-7467-01A","Primary","b16c0429-9b18-4852-abb4-1ef16d5e310f","Primary Tumor","male","Mutant",24,"Expressed","Mutant","WT","IDHmut-R2","Mesenchymal"
"TCGA-TQ-A7RF-01A-11R-A33Z-07","TCGA-TQ-A7RF-01A","Primary","8e6663ee-8c6a-412e-b5d1-6d855916367a","Primary Tumor","female","Mutant",24,"Not expressed",NA,"WT","IDHmut-R3","IDH"
"TCGA-FG-8185-01A-11R-2256-07","TCGA-FG-8185-01A","Primary","9d268e1b-3998-47bf-aa25-094cc94bdb61","Primary Tumor","male","Mutant",31,"Not expressed","WT","Mutant","IDHmut-R3","IDH"
"TCGA-DB-A4XB-01A-11R-A26U-07","TCGA-DB-A4XB-01A","Primary","0767dafb-fdd8-4654-9677-16b79bc78f9d","Primary Tumor","male","Mutant",33,"Not expressed","WT","WT","IDHmut-R2","IDH"
"TCGA-CS-4941-01A-01R-1470-07","TCGA-CS-4941-01A","Primary","4e5aee62-df39-4a74-917c-c3ab154f8d0e","Primary Tumor","male","WT",50,"Expressed","Mutant","WT","IDHwt-R2","Mesenchymal"
"TCGA-E1-A7YU-01A-11R-A34R-07","TCGA-E1-A7YU-01A","Primary","d24a30af-b43c-4d2d-8161-c37dfc04cbf2","Primary Tumor","male","Mutant",25,"Not expressed",NA,"WT","IDHmut-R3","IDH"
"TCGA-F6-A8O3-01A-11R-A36H-07","TCGA-F6-A8O3-01A","Primary","674ec5b5-d784-47d2-8306-b8812de51c3f","Primary Tumor","male","Mutant",26,"Expressed",NA,"WT","IDHmut-R2","IDH"
"TCGA-DH-A669-01A-12R-A31N-07","TCGA-DH-A669-01A","Primary","78a57936-140f-4593-9bf4-30b850247fab","Primary Tumor","male","Mutant",52,"Expressed","Mutant","WT","IDHmut-R1","IDH"
"TCGA-DU-6407-02A-12R-A36H-07","TCGA-DU-6407-02A","Recurrence","c6df9292-94a9-4804-b1d7-a471afa1dade","Recurrent Tumor","female",NA,NA,NA,NA,NA,NA,NA
"TCGA-DU-6407-02B-11R-A36H-07","TCGA-DU-6407-02B","Recurrence","2cd2f7dc-6d09-4593-aff6-89c3a8500ec9","Recurrent Tumor","female",NA,NA,NA,NA,NA,NA,NA
"TCGA-FG-A60L-01A-12R-A31N-07","TCGA-FG-A60L-01A","Primary","b82e8a8b-1274-4c00-a264-962ee6e5dd21","Primary Tumor","female","Mutant",22,"Not expressed",NA,"WT","IDHmut-R3","IDH"
"TCGA-DU-A7TG-01A-21R-A34R-07","TCGA-DU-A7TG-01A","Primary","a7533611-7874-468d-a9cf-cad95aa77cc8","Primary Tumor","male","Mutant",8,"Not expressed",NA,"WT","IDHmut-R2","Mesenchymal"
"TCGA-DH-A7US-01A-11R-A33Z-07","TCGA-DH-A7US-01A","Primary","c863d3b4-40b3-4b96-ba20-fc1534be7a62","Primary Tumor","male","Mutant",26,"Expressed",NA,"WT","IDHmut-R1","IDH"
"TCGA-FG-A87Q-01A-11R-A36H-07","TCGA-FG-A87Q-01A","Primary","03165d1d-a8e6-440a-b620-d1a59ecd58b8","Primary Tumor","female","WT",64,"Expressed",NA,"WT","IDHwt-R2","Mesenchymal"
"TCGA-FG-5964-01A-11R-1708-07","TCGA-FG-5964-01A","Primary","7bbfbdd1-4cb9-479c-8152-924d79e112f2","Primary Tumor","male","Mutant",29,"Expressed","Mutant","WT","IDHmut-R2","IDH"
"TCGA-P5-A5F0-01A-11R-A28M-07","TCGA-P5-A5F0-01A","Primary","bc45dd63-bb3a-474b-9ce9-ee9d7bd3c2c2","Primary Tumor","male","Mutant",24,"Expressed","Mutant","WT","IDHmut-R2","IDH"
"TCGA-E1-5302-01A-01R-1470-07","TCGA-E1-5302-01A","Primary","1e50d5d4-2602-4da0-8c8b-1e8d6380a71d","Primary Tumor","male","Mutant",20,"Not expressed","WT","Mutant","IDHmut-R3","IDH"
"TCGA-HW-A5KK-01A-11R-A27Q-07","TCGA-HW-A5KK-01A","Primary","66c2aa25-7d21-4ac9-b912-ec02f586e497","Primary Tumor","male","WT",28,"Expressed","Mutant","WT","IDHwt-R4","Mesenchymal"
"TCGA-S9-A6TU-01A-12R-A32Q-07","TCGA-S9-A6TU-01A","Primary","5f0038df-de1c-4c7b-b7cf-544d7c2eae26","Primary Tumor","male","Mutant",17,"Not expressed",NA,"WT","IDHmut-R3","IDH"
"TCGA-DU-6405-01A-11R-1708-07","TCGA-DU-6405-01A","Primary","54bff4f3-312d-4e1a-8327-f08f5a270eac","Primary Tumor","female","WT",58,"Expressed","Mutant","WT","IDHwt-R1","RTK II 'Classic'"
"TCGA-DB-A75P-01A-11R-A32Q-07","TCGA-DB-A75P-01A","Primary","1c24aec0-3a31-48bf-b41e-5fbdc53faee1","Primary Tumor","female","WT",2,"Not expressed",NA,"WT","IDHwt-R4","Mesenchymal"
"TCGA-CS-5394-01A-01R-1470-07","TCGA-CS-5394-01A","Primary","44727267-0e9b-4793-b3e4-a0541de5a583","Primary Tumor","male","Mutant",22,"Not expressed","WT","WT","IDHmut-R1","IDH"
"TCGA-FG-A87N-01A-11R-A36H-07","TCGA-FG-A87N-01A","Primary","5dd79dbd-72f5-4da1-952c-ceedef212259","Primary Tumor","female","Mutant",30,"Not expressed",NA,"WT","IDHmut-R3","IDH"
"TCGA-E1-A7YL-01A-11R-A34F-07","TCGA-E1-A7YL-01A","Primary","e693f584-7be4-4319-a49d-d6e9e4ef79bb","Primary Tumor","male","WT",58,"Expressed",NA,"WT","IDHwt-R3","RTK II 'Classic'"
"TCGA-HT-8558-01A-21R-2404-07","TCGA-HT-8558-01A","Primary","83f578eb-5a18-4062-85a2-6a36fe511fe1","Primary Tumor","female","WT",2,"Expressed","WT","WT","IDHwt-R4","Mesenchymal"
"TCGA-DU-A6S8-01A-12R-A32Q-07","TCGA-DU-A6S8-01A","Primary","eb49830c-5570-4edb-a00a-7ef68759e8f1","Primary Tumor","female","Mutant",53,"Expressed",NA,"WT","IDHmut-R1","IDH"
"TCGA-S9-A6WN-01A-12R-A33Z-07","TCGA-S9-A6WN-01A","Primary","4b1ab438-eb2b-41fa-bd54-2ef46e4ad97e","Primary Tumor","female","Mutant",28,"Expressed",NA,"WT","IDHmut-R3","Mesenchymal"
"TCGA-HT-A618-01A-11R-A29R-07","TCGA-HT-A618-01A","Primary","e06d2722-8934-4b5b-814e-34ca6a2a1c8e","Primary Tumor","female","Mutant",17,"Not expressed","WT","Mutant","IDHmut-R3","IDH"
"TCGA-E1-A7Z4-01A-11R-A34R-07","TCGA-E1-A7Z4-01A","Primary","a36f09ec-379e-40c3-bef6-e4beb83c74a3","Primary Tumor","male","Mutant",14,"Not expressed",NA,"Mutant","IDHmut-R3","IDH"
"TCGA-E1-5307-01A-01R-1896-07","TCGA-E1-5307-01A","Primary","ded0f767-9cee-4f1d-8e91-cb242d30b57e","Primary Tumor","female","Mutant",57,"Not expressed","WT","Mutant","IDHmut-R3","IDH"
"TCGA-HT-7858-01A-11R-2403-07","TCGA-HT-7858-01A","Primary","a58cccb9-3130-402b-8481-7653ff913abe","Primary Tumor","male","Mutant",13,"Not expressed","WT","Mutant","IDHmut-R3","IDH"
"TCGA-DB-5275-01A-01R-1470-07","TCGA-DB-5275-01A","Primary","3b1046d1-bc19-4b33-bbc6-64e0c2623e37","Primary Tumor","male","Mutant",29,"Not expressed","WT","Mutant","IDHmut-R3","IDH"
"TCGA-CS-5396-01A-02R-1470-07","TCGA-CS-5396-01A","Primary","ce1ed4b3-af89-4bbd-b9a6-eefa007e4368","Primary Tumor","female","Mutant",26,"Expressed","Mutant","WT","IDHmut-R1","IDH"
"TCGA-FG-7636-01A-11R-2090-07","TCGA-FG-7636-01A","Primary","bf70c0a6-ca2d-4355-b5ba-738094382e28","Primary Tumor","male","Mutant",34,"Not expressed","WT","Mutant","IDHmut-R3","IDH"
"TCGA-TM-A84J-01A-11R-A36H-07","TCGA-TM-A84J-01A","Primary","8ab739cb-d9ce-4f51-95e1-f6581417f80a","Primary Tumor","male","WT",43,"Expressed",NA,"WT","IDHwt-R3","RTK I 'PDGFRA'"
"TCGA-P5-A736-01A-11R-A32Q-07","TCGA-P5-A736-01A","Primary","1e5d0811-6da7-4bed-a85b-c969274e03d4","Primary Tumor","female","Mutant",17,"Not expressed",NA,"Mutant","IDHmut-R3","IDH"
"TCGA-QH-A65Z-01A-11R-A29R-07","TCGA-QH-A65Z-01A","Primary","35d76ad8-2d68-4c93-aaaa-08a3feb46a22","Primary Tumor","male","Mutant",26,"Expressed","Mutant","WT","IDHmut-R1","IDH"
"TCGA-CS-5397-01A-01R-1896-07","TCGA-CS-5397-01A","Primary","3aa33e48-1d5b-4c1f-a1dd-e663c3e9ded8","Primary Tumor","female","WT",39,"Expressed","Mutant","WT","IDHwt-R4","Mesenchymal"
"TCGA-DU-7306-01A-11R-2090-07","TCGA-DU-7306-01A","Primary","71dc0238-a240-4ff5-9f71-fb5a03c1fa8d","Primary Tumor","male","Mutant",50,"Not expressed","WT","Mutant","IDHmut-R3","IDH"
"TCGA-FG-7637-01A-11R-2090-07","TCGA-FG-7637-01A","Primary","b8e91848-0443-4333-aa38-b8551eb5c5f0","Primary Tumor","male","Mutant",25,"Not expressed","WT","WT","IDHmut-R1","IDH"
"TCGA-DU-8161-01A-11R-2256-07","TCGA-DU-8161-01A","Primary","afd584b6-af9d-453c-bf23-21134a464844","Primary Tumor","female","WT",45,"Not expressed","Mutant","WT","IDHwt-R2","Mesenchymal"
"TCGA-DB-A75L-01A-11R-A32Q-07","TCGA-DB-A75L-01A","Primary","0fe6a59f-a2c4-4afe-b68c-59d0459bb353","Primary Tumor","female","Mutant",37,"Not expressed",NA,"WT","IDHmut-R3","IDH"
"TCGA-VM-A8CA-01A-11R-A36H-07","TCGA-VM-A8CA-01A","Primary","57ccfb50-9f82-4d30-9dd3-4d2624281348","Primary Tumor","male","Mutant",18,"Not expressed",NA,"WT","IDHmut-R2","IDH"
"TCGA-DB-A64L-01A-11R-A29R-07","TCGA-DB-A64L-01A","Primary","1c19e337-a0be-48c2-a04e-b76edc58992c","Primary Tumor","female","Mutant",58,"Expressed","Mutant","WT","IDHmut-R2","IDH"
"TCGA-HT-A61B-01A-11R-A29R-07","TCGA-HT-A61B-01A","Primary","32c901f6-b277-4870-b3f4-7a7ce53f124e","Primary Tumor","male","Mutant",39,"Expressed","WT","WT","IDHmut-R3","IDH"
"TCGA-QH-A6CY-01A-11R-A32Q-07","TCGA-QH-A6CY-01A","Primary","e93b5e03-e2d0-4c86-8b3b-d3811d0f70b5","Primary Tumor","male","Mutant",13,"Expressed",NA,"WT","IDHmut-R2","IDH"
"TCGA-DU-6397-02A-12R-A36H-07","TCGA-DU-6397-02A","Recurrence","3193fbf0-c5f7-4501-89b1-1a67a64ceaf7","Recurrent Tumor","male",NA,NA,NA,NA,NA,NA,NA
"TCGA-HT-7691-01A-11R-2256-07","TCGA-HT-7691-01A","Primary","5653c465-1eff-4ac2-bdf4-7991e81c07c4","Primary Tumor","female","WT",7,"Not expressed","WT","WT","IDHwt-R2","Mesenchymal"
"TCGA-S9-A7J0-01A-11R-A34F-07","TCGA-S9-A7J0-01A","Primary","065480c6-0ced-4eb3-9ad6-e186cbf01ee5","Primary Tumor","female","Mutant",45,"Not expressed",NA,"WT","IDHmut-R3","IDH"
"TCGA-FG-A4MT-02A-11R-A29R-07","TCGA-FG-A4MT-02A","Recurrence","c83c991f-442c-471b-9019-318f6da5d97f","Recurrent Tumor","female",NA,NA,NA,NA,NA,NA,NA
"TCGA-HT-A61A-01A-11R-A29R-07","TCGA-HT-A61A-01A","Primary","597d8468-5b0d-4718-9183-04621bc5285e","Primary Tumor","female","Mutant",5,NA,"Mutant","WT",NA,"Mesenchymal"
"TCGA-S9-A6WM-01A-12R-A33Z-07","TCGA-S9-A6WM-01A","Primary","6d20c10a-68e1-492a-aa7c-9fcaf5bc55a5","Primary Tumor","female","WT",56,"Expressed",NA,"WT","IDHwt-R1","Mesenchymal"
"TCGA-CS-5393-01A-01R-1470-07","TCGA-CS-5393-01A","Primary","bbe14c8c-8917-434a-8095-f8883e680baf","Primary Tumor","male","Mutant",26,"Not expressed","WT","WT","IDHmut-R3","IDH"
"TCGA-DU-7018-01A-11R-2027-07","TCGA-DU-7018-01A","Primary","fe98f78b-2c80-4999-b430-e1d95a53f356","Primary Tumor","female","Mutant",28,"Expressed","Mutant","WT","IDHmut-R1","IDH"
"TCGA-TQ-A7RW-01A-11R-A33Z-07","TCGA-TQ-A7RW-01A","Primary","1cfcc0fb-8082-4d8d-a43c-f00fb95da97c","Primary Tumor","male","Mutant",29,"Not expressed",NA,"WT","IDHmut-R3","IDH"
"TCGA-DU-5870-01A-11R-1708-07","TCGA-DU-5870-01A","Primary","25e75875-4a84-4c29-9030-0e0922bd6567","Primary Tumor","female","Mutant",16,"Expressed","Mutant","WT","IDHmut-R1","IDH"
"TCGA-DU-7015-01A-11R-2027-07","TCGA-DU-7015-01A","Primary","5fbc6fe2-e12c-4d01-b80e-046b29a68153","Primary Tumor","female","Mutant",19,"Not expressed","WT","Mutant","IDHmut-R3","IDH"
"TCGA-TQ-A7RG-01A-11R-A33Z-07","TCGA-TQ-A7RG-01A","Primary","cacd6b42-d59f-4474-b291-b9949942dc14","Primary Tumor","male","Mutant",26,"Expressed",NA,"WT","IDHmut-R1","IDH"
"TCGA-DH-5141-01A-01R-1470-07","TCGA-DH-5141-01A","Primary","b54daa60-2b6a-4f03-a0bb-529235ee4b0f","Primary Tumor","male","Mutant",18,"Expressed","Mutant","WT","IDHmut-R1","IDH"
"TCGA-R8-A73M-01A-11R-A32Q-07","TCGA-R8-A73M-01A","Primary","8a5df645-374b-4c43-a0e2-7658e0b8f7a7","Primary Tumor","female","Mutant",27,"Expressed",NA,"WT","IDHmut-R1","IDH"
"TCGA-HT-7604-01A-11R-2090-07","TCGA-HT-7604-01A","Primary","9ca3488a-91f8-4eb2-8b03-24e8629757e1","Primary Tumor","male","Mutant",39,"Not expressed","WT","Mutant","IDHmut-R3","IDH"
"TCGA-TM-A7C4-01A-11R-A32Q-07","TCGA-TM-A7C4-01A","Primary","c70e3630-2a01-454f-a13d-86063cf5c135","Primary Tumor","female","Mutant",36,"Not expressed",NA,"Mutant","IDHmut-R2","IDH"
"TCGA-HT-7882-01A-11R-2403-07","TCGA-HT-7882-01A","Primary","efb82e23-4806-4df2-99a1-63ca60a433a8","Primary Tumor","male","WT",37,"Expressed","Mutant","WT","IDHwt-R2","Mesenchymal"
"TCGA-CS-6668-01A-11R-1896-07","TCGA-CS-6668-01A","Primary","c6784c8a-fa04-429d-9290-40bd95f2d94d","Primary Tumor","female","Mutant",24,"Expressed","Mutant","WT","IDHmut-R1","IDH"
"TCGA-P5-A780-01A-12R-A32Q-07","TCGA-P5-A780-01A","Primary","5cc154c6-d6a0-49d9-acc2-309eccc60659","Primary Tumor","female","Mutant",43,"Not expressed",NA,"WT","IDHmut-R3","IDH"
"TCGA-QH-A6X9-01A-12R-A32Q-07","TCGA-QH-A6X9-01A","Primary","3871600d-1115-4810-bcb3-54ed8370acf9","Primary Tumor","female","Mutant",40,"Not expressed",NA,"Mutant","IDHmut-R3","IDH"
"TCGA-DU-7304-01A-12R-2090-07","TCGA-DU-7304-01A","Primary","12b638ef-aeb6-43c4-b9b8-c8a6f077d579","Primary Tumor","male","Mutant",23,"Not expressed","WT","Mutant","IDHmut-R2","IDH"
"TCGA-FG-5963-02A-12R-A29R-07","TCGA-FG-5963-02A","Recurrence","f98732ca-5be1-485e-808c-327e9055dbac","Recurrent Tumor","male",NA,NA,NA,NA,NA,NA,NA
"TCGA-FG-5963-01A-11R-1708-07","TCGA-FG-5963-01A","Primary","41c647e8-6a53-464b-9efc-78547c514519","Primary Tumor","male","WT",21,"Not expressed","WT","Mutant","IDHwt-R3","Mesenchymal"
"TCGA-FG-8182-01A-11R-2256-07","TCGA-FG-8182-01A","Primary","0cf6be14-2f25-4361-ade5-7e5b6ca1063e","Primary Tumor","male","Mutant",19,"Not expressed","WT","Mutant","IDHmut-R3","IDH"
"TCGA-HT-8106-01A-11R-2404-07","TCGA-HT-8106-01A","Primary","06005f03-d8ad-4d9d-914a-c9d84b4079a7","Primary Tumor","male","Mutant",18,"Not expressed","WT","WT","IDHmut-R3","Mesenchymal"
"TCGA-QH-A6X3-01A-21R-A32Q-07","TCGA-QH-A6X3-01A","Primary","91178e78-a992-4c7a-9fe8-880494e75177","Primary Tumor","male","Mutant",18,"Not expressed",NA,"Mutant","IDHmut-R3","IDH"
"TCGA-E1-5319-01A-01R-1896-07","TCGA-E1-5319-01A","Primary","1ee9478b-84a5-4ffd-8499-f2e02a3a21d7","Primary Tumor","female","Mutant",34,"Expressed","Mutant","WT","IDHmut-R1","IDH"
"TCGA-CS-6186-01A-12R-2027-07","TCGA-CS-6186-01A","Primary","5f73fa4e-fc7d-4fc0-8436-2241e57b9b69","Primary Tumor","male","WT",56,"Expressed","Mutant","WT","IDHwt-R3","RTK II 'Classic'"
"TCGA-FG-5965-02A-11R-A29R-07","TCGA-FG-5965-02A","Recurrence","3e0b6eb2-494b-438c-ba6c-a54aa37d794f","Recurrent Tumor","female",NA,NA,NA,NA,NA,NA,NA
"TCGA-DB-5273-01A-01R-1470-07","TCGA-DB-5273-01A","Primary","4ba48810-3915-4567-9d35-615df00006e4","Primary Tumor","male","Mutant",16,"Not expressed","WT","Mutant","IDHmut-R3","IDH"
"TCGA-DU-A7TI-01A-11R-A33Z-07","TCGA-DU-A7TI-01A","Primary","82f11899-e89a-4855-8786-927f4912baee","Primary Tumor","male",NA,NA,"Not expressed",NA,NA,NA,"IDH"
"TCGA-DH-A66B-01A-11R-A29R-07","TCGA-DH-A66B-01A","Primary","aeda6b50-3e1a-4347-8704-08c05792578a","Primary Tumor","male","Mutant",40,"Not expressed","WT","WT","IDHmut-R3","IDH"
"TCGA-S9-A6WE-01A-12R-A33Z-07","TCGA-S9-A6WE-01A","Primary","b806a5e7-d436-411f-98c6-9191b9e3d69c","Primary Tumor","male","Mutant",12,"Expressed",NA,"WT","IDHmut-R1","IDH"
"TCGA-HT-A5R7-01A-11R-A28M-07","TCGA-HT-A5R7-01A","Primary","7ba53d9a-fe20-487a-b4bb-84451e207755","Primary Tumor","female","Mutant",16,"Not expressed","WT","Mutant","IDHmut-R2","IDH"
"TCGA-DU-6542-01A-11R-1896-07","TCGA-DU-6542-01A","Primary","d00791ab-aa9d-406b-934c-e6946a430bb2","Primary Tumor","male","Mutant",23,"Not expressed","WT","WT","IDHmut-R3","IDH"
"TCGA-DB-A4XH-01A-11R-A27Q-07","TCGA-DB-A4XH-01A","Primary","83f7706a-1fdf-4ed5-99cf-ea8853afc159","Primary Tumor","female","Mutant",34,"Expressed","Mutant","WT","IDHmut-R2","IDH"
"TCGA-WH-A86K-01A-11R-A36H-07","TCGA-WH-A86K-01A","Primary","980ba0ea-51b4-464c-b423-3d0cfd83f77c","Primary Tumor","male","Mutant",39,"Not expressed",NA,"WT","IDHmut-R3","IDH"
"TCGA-DB-A64P-01A-11R-A29R-07","TCGA-DB-A64P-01A","Primary","781b4b5e-ed7d-400b-8ee5-c64dca8f5844","Primary Tumor","male","Mutant",20,"Expressed","Mutant","WT","IDHmut-R1","IDH"
"TCGA-HT-7689-01A-11R-2256-07","TCGA-HT-7689-01A","Primary","80122820-0d29-4f56-bf14-ac5eeb6f2760","Primary Tumor","female","Mutant",42,"Not expressed","WT","Mutant","IDHmut-R3","IDH"
"TCGA-HT-A74L-01A-11R-A32Q-07","TCGA-HT-A74L-01A","Primary","5e5b4d2a-c00b-441b-802a-0f546bd7566b","Primary Tumor","female","Mutant",15,"Expressed",NA,"WT","IDHmut-R1","IDH"
"TCGA-P5-A5F4-01A-11R-A28M-07","TCGA-P5-A5F4-01A","Primary","9c174af7-ea73-413f-ab7d-b3bba7f4ac6c","Primary Tumor","female","Mutant",35,"Not expressed","WT","WT","IDHmut-R2","IDH"
"TCGA-HT-8018-01A-11R-2404-07","TCGA-HT-8018-01A","Primary","ece83e4e-d796-466e-8b6b-45c2f3feac12","Primary Tumor","female","Mutant",12,"Not expressed","WT","WT","IDHmut-R2","Mesenchymal"
"TCGA-DB-A64X-01A-11R-A29R-07","TCGA-DB-A64X-01A","Primary","1967477b-1911-4e52-977c-b88f911a8120","Primary Tumor","female","Mutant",60,"Not expressed","WT","WT","IDHmut-R3","IDH"
"TCGA-DU-A5TR-01A-11R-A28M-07","TCGA-DU-A5TR-01A","Primary","90e762b7-dec2-4570-961c-f19c6c0ae693","Primary Tumor","male","Mutant",34,"Not expressed","WT","Mutant","IDHmut-R3","IDH"
"TCGA-DB-A64R-01A-11R-A29R-07","TCGA-DB-A64R-01A","Primary","f9dfb8e6-f3d1-4d30-a23c-a738bcefbf16","Primary Tumor","female","Mutant",12,"Expressed","Mutant","WT","IDHmut-R1","IDH"
"TCGA-S9-A6U1-01A-21R-A33Z-07","TCGA-S9-A6U1-01A","Primary","390c7eb2-9ab5-456b-bc2c-703d8359ab46","Primary Tumor","female","Mutant",9,"Not expressed",NA,"Mutant","IDHmut-R3","IDH"
"TCGA-HT-7481-01A-11R-2027-07","TCGA-HT-7481-01A","Primary","712405b3-14c4-4c26-9839-1749763d816b","Primary Tumor","male","Mutant",19,"Expressed","Mutant","WT","IDHmut-R2","IDH"
"TCGA-DU-5851-01A-13R-1896-07","TCGA-DU-5851-01A","Primary","ab117813-8257-47e0-ab25-cc66b731a290","Primary Tumor","female","Mutant",26,"Not expressed","WT","Mutant","IDHmut-R2","IDH"
"TCGA-FG-A6J1-01A-11R-A31N-07","TCGA-FG-A6J1-01A","Primary","3086d02f-f5ea-4b0c-a7e8-a6d90b7fcfc4","Primary Tumor","female","Mutant",17,"Expressed",NA,"WT","IDHmut-R1","IDH"
"TCGA-FG-A60J-01A-11R-A28M-07","TCGA-FG-A60J-01A","Primary","77c575d1-d21d-4174-8c3e-5ea1b2a86838","Primary Tumor","female","Mutant",33,"Expressed","Mutant","WT","IDHmut-R3","IDH"
"TCGA-CS-4942-01A-01R-1470-07","TCGA-CS-4942-01A","Primary","2ebe825a-6525-4a1a-aa0c-1ecb31fb2e7e","Primary Tumor","female","Mutant",24,"Not expressed","WT","Mutant","IDHmut-R3","IDH"
"TCGA-DU-A5TW-01A-11R-A28M-07","TCGA-DU-A5TW-01A","Primary","d4c5514f-8e2c-437c-8b53-a8b4b298abc2","Primary Tumor","female","Mutant",37,"Not expressed","WT","Mutant","IDHmut-R3","IDH"
"TCGA-WY-A85D-01A-11R-A36H-07","TCGA-WY-A85D-01A","Primary","24f298f0-f57c-463f-9f77-ef78f40854d7","Primary Tumor","male","Mutant",37,"Not expressed",NA,"Mutant","IDHmut-R3","IDH"
"TCGA-HT-A5RC-01A-11R-A28M-07","TCGA-HT-A5RC-01A","Primary","5cc87ff0-e59e-4fe3-afd2-ee40bbeb37ba","Primary Tumor","female","WT",46,"Expressed","WT","WT","IDHwt-R2","RTK II 'Classic'"
"TCGA-HW-7493-01A-11R-2027-07","TCGA-HW-7493-01A","Primary","704013db-55d1-4a59-a6b3-ada0c3077ce4","Primary Tumor","female",NA,NA,"Not expressed",NA,NA,NA,"IDH"
"TCGA-TQ-A7RP-01A-21R-A34F-07","TCGA-TQ-A7RP-01A","Primary","96d2258e-0199-43dc-9731-da4e55c897d5","Primary Tumor","male","WT",28,"Not expressed",NA,"WT","IDHwt-R4","Mesenchymal"
"TCGA-TM-A84F-01A-11R-A36H-07","TCGA-TM-A84F-01A","Primary","32cbf4f3-834c-4622-af4b-775344b7452f","Primary Tumor","male","Mutant",16,"Expressed",NA,"WT","IDHmut-R3","IDH"
"TCGA-TM-A84T-01A-11R-A36H-07","TCGA-TM-A84T-01A","Primary","b78d1da9-2b99-4fff-ab70-99eb88c8f37e","Primary Tumor","male","Mutant",20,"Not expressed",NA,"Mutant","IDHmut-R3","IDH"
"TCGA-HT-8105-01A-11R-2404-07","TCGA-HT-8105-01A","Primary","13961f18-7844-487b-b632-1ed051ed6673","Primary Tumor","male","Mutant",44,"Expressed","Mutant","WT","IDHmut-R2","IDH"
"TCGA-HT-A4DV-01A-11R-A26U-07","TCGA-HT-A4DV-01A","Primary","4c90bf3b-f558-450d-af29-0b5b454b95d5","Primary Tumor","female","Mutant",11,"Not expressed","Mutant","WT","IDHmut-R1","Mesenchymal"
"TCGA-DU-5872-02A-21R-A36H-07","TCGA-DU-5872-02A","Recurrence","2288d604-4b72-4bd1-b024-62405ddaed1c","Recurrent Tumor","female",NA,NA,NA,NA,NA,NA,NA
"TCGA-QH-A6CZ-01A-11R-A32Q-07","TCGA-QH-A6CZ-01A","Primary","1e73ea08-66ad-4b83-a2c5-048e5f3b7adb","Primary Tumor","male","Mutant",24,"Expressed",NA,"WT","IDHmut-R2","IDH"
"TCGA-DH-5144-01A-01R-1470-07","TCGA-DH-5144-01A","Primary","a7cc2eec-96ea-4383-b92a-7c5df8c1c9df","Primary Tumor","female","Mutant",28,"Expressed","Mutant","Mutant","IDHmut-R1","IDH"
"TCGA-P5-A5F1-01A-11R-A28M-07","TCGA-P5-A5F1-01A","Primary","a31196ad-2c62-47a1-b2e6-638438e607d3","Primary Tumor","male","Mutant",15,"Not expressed","WT","Mutant","IDHmut-R3","IDH"
"TCGA-DB-A75M-01A-11R-A32Q-07","TCGA-DB-A75M-01A","Primary","32d6a64e-a8f5-4691-9fc8-b8c0ad241ea0","Primary Tumor","male","Mutant",22,"Not expressed",NA,"Mutant","IDHmut-R3","IDH"
"TCGA-HT-7620-01A-11R-2256-07","TCGA-HT-7620-01A","Primary","608afc7c-7400-4791-b23d-1e211026a150","Primary Tumor","male","Mutant",19,"Expressed","Mutant","WT","IDHmut-R3","IDH"
"TCGA-HW-A5KM-01A-11R-A27Q-07","TCGA-HW-A5KM-01A","Primary","f33eb184-bbf9-4735-9784-f2147d7e5bf5","Primary Tumor","male","Mutant",16,"Not expressed","WT","WT","IDHmut-R3","IDH"
"TCGA-FG-8188-01A-11R-2256-07","TCGA-FG-8188-01A","Primary","7769a93b-f0a6-4df0-ad24-1da11d0979c7","Primary Tumor","male","Mutant",27,"Not expressed","WT","Mutant","IDHmut-R3","IDH"
"TCGA-DU-6408-01A-11R-1708-07","TCGA-DU-6408-01A","Primary","f68159ad-a0e9-4f9f-ad68-a29d53772982","Primary Tumor","female","Mutant",19,"Not expressed","WT","Mutant","IDHmut-R3","IDH"
"TCGA-RY-A83Z-01A-11R-A36H-07","TCGA-RY-A83Z-01A","Primary","16920f83-4eda-4823-84c6-efcb1e74db36","Primary Tumor","female","Mutant",47,"Not expressed",NA,"Mutant","IDHmut-R3","IDH"
"TCGA-TQ-A8XE-02A-11R-A36H-07","TCGA-TQ-A8XE-02A","Recurrence","4b1c1ae5-7723-4a3a-a551-72e1ed5836aa","Recurrent Tumor","female",NA,NA,NA,NA,NA,NA,NA
"TCGA-DU-6400-01A-12R-1708-07","TCGA-DU-6400-01A","Primary","3b4d0299-9b10-4105-871a-786e610657a2","Primary Tumor","female","Mutant",46,"Expressed","Mutant","WT","IDHmut-R1","IDH"
"TCGA-DU-6402-01A-11R-1708-07","TCGA-DU-6402-01A","Primary","0e594b0a-05e4-40c8-80ba-0d4bb08e437d","Primary Tumor","male","WT",45,"Expressed","Mutant","WT","IDHwt-R2","RTK II 'Classic'"
"TCGA-DU-6393-01A-11R-1708-07","TCGA-DU-6393-01A","Primary","220f9665-623d-4709-9a29-6fbd263a24ea","Primary Tumor","male","Mutant",29,"Expressed","Mutant","WT","IDHmut-R1","IDH"
"TCGA-S9-A7J2-01A-11R-A34F-07","TCGA-S9-A7J2-01A","Primary","abd56cd9-8545-4874-91b4-c77834f3e3df","Primary Tumor","male","Mutant",9,"Expressed",NA,"WT","IDHmut-R1","IDH"
"TCGA-HT-A74J-01A-12R-A32Q-07","TCGA-HT-A74J-01A","Primary","a29fbd4e-42f2-446a-9b78-ca084422dc91","Primary Tumor","male","Mutant",21,"Expressed",NA,"Mutant","IDHmut-R2","IDH"
"TCGA-DU-A5TU-01A-11R-A28M-07","TCGA-DU-A5TU-01A","Primary","052b4f4a-2506-40aa-b392-5528ecbc31dd","Primary Tumor","female","Mutant",35,"Not expressed","WT","Mutant","IDHmut-R3","IDH"
"TCGA-RY-A83Y-01A-11R-A36H-07","TCGA-RY-A83Y-01A","Primary","84e6e626-36d6-45c9-bb95-3d336ef95aae","Primary Tumor","male","Mutant",34,"Expressed",NA,"WT","IDHmut-R1","IDH"
"TCGA-P5-A5EU-01A-11R-A27Q-07","TCGA-P5-A5EU-01A","Primary","1a82630e-d49e-4e33-8768-1167de6b5f97","Primary Tumor","male","Mutant",25,"Not expressed","WT","Mutant","IDHmut-R3","IDH"
"TCGA-DU-7019-01A-11R-2027-07","TCGA-DU-7019-01A","Primary","7ca0ad96-427a-4f12-a4a5-8a950061b273","Primary Tumor","male","Mutant",28,"Not expressed","WT","WT","IDHmut-R3","IDH"
"TCGA-R8-A6MO-01A-11R-A33Z-07","TCGA-R8-A6MO-01A","Primary","880bc079-f7bb-48e0-b652-69ca6ac021d8","Primary Tumor","female","Mutant",29,"Expressed",NA,"WT","IDHmut-R1","IDH"
"TCGA-WY-A85E-01A-11R-A36H-07","TCGA-WY-A85E-01A","Primary","eecc262b-ed37-4c8f-a266-93d7e3503571","Primary Tumor","female","Mutant",57,"Not expressed",NA,"Mutant","IDHmut-R3","IDH"
"TCGA-TM-A7CA-01A-21R-A33Z-07","TCGA-TM-A7CA-01A","Primary","63da12a6-c6a2-41e0-870e-3a948c0f2244","Primary Tumor","male","Mutant",23,"Not expressed",NA,"Mutant","IDHmut-R3","IDH"
"TCGA-QH-A6CV-01A-11R-A31N-07","TCGA-QH-A6CV-01A","Primary","ba16f5c5-6cda-43a6-9dae-e58f5858fdd1","Primary Tumor","male","WT",56,"Expressed",NA,"WT","IDHwt-R1","RTK II 'Classic'"
"TCGA-TQ-A7RK-01A-11R-A33Z-07","TCGA-TQ-A7RK-01A","Primary","5793003f-e131-4259-91cb-be9b65b0e523","Primary Tumor","male","Mutant",23,"Not expressed","WT","Mutant","IDHmut-R3","IDH"
"TCGA-TQ-A7RK-02B-11R-A40A-07","TCGA-TQ-A7RK-02B","Recurrence","63c9b565-4509-4b86-95c6-ac3adcb40f3c","Recurrent Tumor","male",NA,NA,NA,NA,NA,NA,NA
"TCGA-VW-A7QS-01A-12R-A33Z-07","TCGA-VW-A7QS-01A","Primary","aa7bd44d-53de-4f4a-8a4b-7cd16026279b","Primary Tumor","female","Mutant",40,"Expressed",NA,"WT","IDHmut-R1","IDH"
"TCGA-DB-A4XC-01A-11R-A26U-07","TCGA-DB-A4XC-01A","Primary","3169a2ce-1431-4512-be11-34d9038f748a","Primary Tumor","male","Mutant",15,"Not expressed","WT","Mutant","IDHmut-R2","IDH"
"TCGA-DU-A76K-01A-11R-A33Z-07","TCGA-DU-A76K-01A","Primary","1bf24e0a-a18b-412a-96c5-d23a1ed60327","Primary Tumor","male","WT",46,"Expressed",NA,"WT","IDHwt-R4","RTK II 'Classic'"
"TCGA-P5-A781-01A-11R-A32Q-07","TCGA-P5-A781-01A","Primary","a2b9a177-35ad-40a8-ade0-aa672ef05b99","Primary Tumor","female","Mutant",10,"Expressed",NA,"WT","IDHmut-R1","IDH"
"TCGA-S9-A6U9-01A-11R-A32Q-07","TCGA-S9-A6U9-01A","Primary","c97e86ce-abec-4129-97c5-94dee65e1311","Primary Tumor","male","Mutant",20,"Not expressed",NA,"Mutant","IDHmut-R3","IDH"
"TCGA-HT-7687-01A-11R-2256-07","TCGA-HT-7687-01A","Primary","ba5e43b1-aaeb-4eff-a657-83a0694def1c","Primary Tumor","male","Mutant",31,"Expressed","Mutant","WT","IDHmut-R2","IDH"
"TCGA-HT-7477-01B-11R-A28M-07","TCGA-HT-7477-01B","Primary","67654710-dbea-4bfd-94f1-db19b5cd2f57","Primary Tumor","male","Mutant",48,"Not expressed","WT","Mutant","IDHmut-R3","IDH"
"TCGA-CS-6188-01A-11R-1896-07","TCGA-CS-6188-01A","Primary","d35539d2-209c-4782-84b5-04b7d10db7d8","Primary Tumor","male","WT",47,"Expressed","Mutant","WT","IDHwt-R3","RTK II 'Classic'"
"TCGA-HT-7475-01A-11R-2027-07","TCGA-HT-7475-01A","Primary","5e11fc94-ccdb-4e53-9a9d-5d7707157674","Primary Tumor","male","Mutant",47,"Not expressed","WT","Mutant","IDHmut-R2","IDH"
"TCGA-S9-A6TS-01A-12R-A33Z-07","TCGA-S9-A6TS-01A","Primary","9fbabdca-5b37-4fd4-8d48-1b2295c1496d","Primary Tumor","female","Mutant",54,"Not expressed",NA,"Mutant","IDHmut-R3","IDH"
"TCGA-DB-A4XF-01A-11R-A27Q-07","TCGA-DB-A4XF-01A","Primary","f39a5f9d-0747-44af-8575-d86361fc04ba","Primary Tumor","female","Mutant",20,"Not expressed","WT","WT","IDHmut-R3","IDH"
"TCGA-S9-A6U2-01A-21R-A33Z-07","TCGA-S9-A6U2-01A","Primary","c48c8731-71c2-4bfd-a2d8-6f1ffa0dbd20","Primary Tumor","female","Mutant",24,"Expressed",NA,"WT","IDHmut-R1","IDH"
"TCGA-DU-7008-01A-11R-2027-07","TCGA-DU-7008-01A","Primary","7a0c3571-4265-4d36-afbc-fa234970f94b","Primary Tumor","female","Mutant",26,"Not expressed","WT","Mutant","IDHmut-R3","IDH"
"TCGA-HT-7482-01A-11R-2027-07","TCGA-HT-7482-01A","Primary","07b9abeb-93af-4ae4-bcd9-5292dc2dc708","Primary Tumor","female","Mutant",17,"Not expressed","WT","Mutant","IDHmut-R3","IDH"
"TCGA-DU-6394-01A-11R-1708-07","TCGA-DU-6394-01A","Primary","fe3a9e40-57bd-442f-86d0-d195175c79e1","Primary Tumor","male","Mutant",30,"Not expressed","Mutant","WT","IDHmut-R1","IDH"
"TCGA-E1-5303-01A-01R-1470-07","TCGA-E1-5303-01A","Primary","150856f7-77da-4aa5-a28b-310a505aea24","Primary Tumor","male","Mutant",28,"Not expressed","WT","Mutant","IDHmut-R3","IDH"
"TCGA-VM-A8CH-01A-12R-A36H-07","TCGA-VM-A8CH-01A","Primary","e56f0f34-9ee0-492c-9bbe-ebd31468d808","Primary Tumor","female","Mutant",15,"Not expressed",NA,"Mutant","IDHmut-R3","IDH"
"TCGA-DU-6410-01A-11R-1896-07","TCGA-DU-6410-01A","Primary","7c489d21-bd36-4a9c-9e5d-a052ce438c4a","Primary Tumor","male","Mutant",36,"Expressed","Mutant","WT","IDHmut-R1","IDH"
"TCGA-VW-A8FI-01A-11R-A36H-07","TCGA-VW-A8FI-01A","Primary","919ab01d-0e18-4965-8687-53e42ad994ee","Primary Tumor","male","WT",53,"Expressed",NA,"WT","IDHwt-R3","RTK II 'Classic'"
"TCGA-HT-7695-01A-11R-2256-07","TCGA-HT-7695-01A","Primary","8b58dbf3-022c-4337-9fad-5ae43b1b84f2","Primary Tumor","female","Mutant",18,"Expressed","Mutant","WT","IDHmut-R2","IDH"
"TCGA-DU-6399-01A-12R-1708-07","TCGA-DU-6399-01A","Primary","41555f97-0269-4f3d-ab13-6b0ae08d1ff5","Primary Tumor","male","Mutant",42,"Not expressed","WT","Mutant","IDHwt-R3","IDH"
"TCGA-HW-7486-01A-11R-2027-07","TCGA-HW-7486-01A","Primary","f0c5df7c-53aa-4d90-8189-44a2bb55a696","Primary Tumor","male","Mutant",11,"Expressed","Mutant","WT","IDHmut-R3","IDH"
"TCGA-TQ-A7RV-02A-11R-A36H-07","TCGA-TQ-A7RV-02A","Recurrence","aeb14c9b-7752-47e5-aef9-c84e3f4b2849","Recurrent Tumor","male",NA,NA,NA,NA,NA,NA,NA
"TCGA-TQ-A7RV-01A-21R-A34F-07","TCGA-TQ-A7RV-01A","Primary","06d89076-34d4-496d-a412-f8c3b46a3a4b","Primary Tumor","male","Mutant",14,"Not expressed","WT","Mutant","IDHmut-R3","IDH"
"TCGA-DU-8167-01A-11R-2256-07","TCGA-DU-8167-01A","Primary","4df35af8-a7c4-4aec-aa84-f71b3415eea0","Primary Tumor","female","Mutant",39,"Not expressed","WT","WT","IDHmut-R3","IDH"
"TCGA-DU-A7TC-01A-21R-A34R-07","TCGA-DU-A7TC-01A","Primary","b4d41858-923c-447d-b9b1-5acb7e94116d","Primary Tumor","male","Mutant",24,"Not expressed",NA,"WT","IDHmut-R2","IDH"
"TCGA-HT-8011-01A-11R-2403-07","TCGA-HT-8011-01A","Primary","930a9cb0-43b1-4dae-85ed-aaa5c042a1c6","Primary Tumor","male","WT",48,"Expressed","Mutant","WT","IDHwt-R3","RTK I 'PDGFRA'"
"TCGA-DU-7302-01A-11R-2090-07","TCGA-DU-7302-01A","Primary","29dc4f19-6b03-4c98-9419-b25036b8aec3","Primary Tumor","female","Mutant",24,"Expressed","Mutant","WT","IDHmut-R2","IDH"
"TCGA-DU-5849-01A-11R-1708-07","TCGA-DU-5849-01A","Primary","9e0e239f-ced4-4cf3-bf3c-5ec8224d760b","Primary Tumor","male","Mutant",27,"Expressed","Mutant","WT","IDHmut-R2","IDH"
"TCGA-E1-A7YW-01A-11R-A34R-07","TCGA-E1-A7YW-01A","Primary","089cc627-c8ad-41a3-9979-1256eb5aff85","Primary Tumor","male","Mutant",21,"Not expressed",NA,"Mutant","IDHmut-R3","IDH"
"TCGA-DB-A75K-01A-11R-A32Q-07","TCGA-DB-A75K-01A","Primary","9156d11f-6cc2-4e6f-9f06-923b98d40fe8","Primary Tumor","female","Mutant",37,"Expressed",NA,"WT","IDHmut-R1","IDH"
"TCGA-CS-6670-01A-11R-1896-07","TCGA-CS-6670-01A","Primary","1b2f2768-883d-46fd-80b2-bfc416584c66","Primary Tumor","male","Mutant",34,"Expressed",NA,"WT","IDHmut-R2","IDH"
"TCGA-HT-7483-01A-11R-2027-07","TCGA-HT-7483-01A","Primary","46fa10d4-bb59-42d3-9ed4-647c91b80358","Primary Tumor","male","Mutant",11,"Not expressed","WT","Mutant","IDHmut-R2","IDH"
"TCGA-R8-A6ML-01A-11R-A32Q-07","TCGA-R8-A6ML-01A","Primary","d6d2b0c9-fe7e-4e6a-80f8-4664b9d9095e","Primary Tumor","male","Mutant",21,"Expressed",NA,"WT","IDHmut-R1","IDH"
"TCGA-HT-A619-01A-11R-A29R-07","TCGA-HT-A619-01A","Primary","66c468fd-3a26-4478-b7b6-ed3b1e64e0d8","Primary Tumor","female","Mutant",54,"Expressed","Mutant","WT","IDHmut-R1","IDH"
"TCGA-FG-A70Z-01A-12R-A33Z-07","TCGA-FG-A70Z-01A","Primary","c503a0e6-ab91-486a-a08a-dd767dff593f","Primary Tumor","female","WT",60,"Expressed",NA,"WT","IDHwt-R3","Mesenchymal"
"TCGA-HW-7490-01A-11R-2027-07","TCGA-HW-7490-01A","Primary","9bb9fdcd-006a-4f29-8168-7c539b257dec","Primary Tumor","male","Mutant",37,"Not expressed","WT","Mutant","IDHmut-R3","IDH"
"TCGA-HT-7873-01B-11R-2403-07","TCGA-HT-7873-01B","Primary","2142241d-a3c0-472c-8e59-4b695130626b","Primary Tumor","male","Mutant",27,"Not expressed","WT","Mutant","IDHmut-R3","IDH"
"TCGA-E1-A7YS-01A-11R-A34F-07","TCGA-E1-A7YS-01A","Primary","e8bf48af-a15c-42a8-a2de-c47d84aa4e55","Primary Tumor","male","Mutant",52,"Expressed",NA,"WT","IDHmut-R1","IDH"
"TCGA-TM-A84Q-01A-11R-A36H-07","TCGA-TM-A84Q-01A","Primary","baf98188-5116-4f57-861b-60e459284b8f","Primary Tumor","male","Mutant",26,"Not expressed",NA,"Mutant","IDHmut-R3","IDH"
"TCGA-DU-7304-02A-12R-A36H-07","TCGA-DU-7304-02A","Recurrence","66e2bb27-ca87-468c-a71d-e140f0bca8da","Recurrent Tumor","male",NA,NA,NA,NA,NA,NA,NA
"TCGA-QH-A6XC-01A-12R-A32Q-07","TCGA-QH-A6XC-01A","Primary","8da3d642-7653-4f91-99c6-9ab58280ae30","Primary Tumor","male","WT",56,"Expressed",NA,"WT","IDHwt-R4","RTK II 'Classic'"
"TCGA-DH-A66G-01A-21R-A31N-07","TCGA-DH-A66G-01A","Primary","f328524e-55b9-4d30-aec0-eceb09ea34c9","Primary Tumor","female","Mutant",22,NA,NA,"Mutant",NA,"IDH"
"TCGA-P5-A77X-01A-11R-A32Q-07","TCGA-P5-A77X-01A","Primary","79d46283-7d50-4f9a-a2c3-a9a42f2d5103","Primary Tumor","female","Mutant",27,"Not expressed",NA,"WT","IDHmut-R2","IDH"
"TCGA-W9-A837-01A-11R-A36H-07","TCGA-W9-A837-01A","Primary","5e36e3c6-194a-4393-9bb8-861edd86c8c2","Primary Tumor","male","Mutant",23,"Expressed",NA,"WT","IDHmut-R2","IDH"
"TCGA-FG-5965-02B-11R-A29R-07","TCGA-FG-5965-02B","Recurrence","fb8ee996-d991-43d2-87db-fc23d153a3dc","Recurrent Tumor","female",NA,NA,NA,NA,NA,NA,NA
"TCGA-FG-5965-01B-11R-1896-07","TCGA-FG-5965-01B","Primary","93fbe6d3-2091-4151-9075-0ed2dd4b886f","Primary Tumor","female","Mutant",41,"Not expressed","WT","Mutant","IDHmut-R3","IDH"
"TCGA-S9-A6WD-01A-12R-A33Z-07","TCGA-S9-A6WD-01A","Primary","7e19fdcc-ecfe-4dc6-a4f1-6a192ef618e6","Primary Tumor","male","Mutant",33,"Expressed",NA,"WT","IDHmut-R1","IDH"
"TCGA-DU-A5TP-01A-11R-A28M-07","TCGA-DU-A5TP-01A","Primary","9e681d49-6781-4a4b-bab0-d394e58eaa64","Primary Tumor","male","Mutant",24,"Not expressed","WT","Mutant","IDHmut-R3","IDH"
"TCGA-FN-7833-01A-11R-2090-07","TCGA-FN-7833-01A","Primary","cf2e4a0a-59c5-41da-9f24-de83eeb856e5","Primary Tumor","male","Mutant",19,"Not expressed","WT","Mutant","IDHmut-R3","IDH"
"TCGA-HT-A74O-01A-11R-A32Q-07","TCGA-HT-A74O-01A","Primary","6b92979a-1629-4649-a631-9b1ae7fdc1f6","Primary Tumor","male","Mutant",14,"Not expressed",NA,"Mutant","IDHmut-R3","IDH"
"TCGA-HW-8321-01A-11R-2404-07","TCGA-HW-8321-01A","Primary","d6656290-5a69-4c29-be89-227a94f4308a","Primary Tumor","male","Mutant",28,"Not expressed","WT","WT","IDHmut-R3","IDH"
"TCGA-HT-7686-01A-11R-2256-07","TCGA-HT-7686-01A","Primary","b87490f1-d083-401d-9b1b-87b850caea0a","Primary Tumor","female","Mutant",16,"Not expressed","WT","Mutant","IDHmut-R3","IDH"
"TCGA-HT-7693-01A-11R-2256-07","TCGA-HT-7693-01A","Primary","53b741c6-30ac-41ab-8d2f-774b1dd5dc48","Primary Tumor","female","Mutant",26,"Not expressed","WT","Mutant","IDHmut-R3","IDH"
"TCGA-TM-A7CF-02A-11R-A32Q-07","TCGA-TM-A7CF-02A","Recurrence","204f56b8-2a07-461b-b4fb-51399aa93bec","Recurrent Tumor","female",NA,NA,NA,NA,NA,NA,NA
"TCGA-DU-7298-01A-11R-2027-07","TCGA-DU-7298-01A","Primary","889c2815-6856-4a79-ab15-c70469f4cd87","Primary Tumor","female","Mutant",41,"Not expressed","WT","Mutant","IDHmut-R3","IDH"
"TCGA-F6-A8O4-01A-11R-A36H-07","TCGA-F6-A8O4-01A","Primary","b3ef5140-042a-46ed-ab3e-9bd4cede5452","Primary Tumor","male","Mutant",27,"Not expressed",NA,"Mutant","IDHmut-R2","IDH"
"TCGA-HT-7694-01A-11R-2256-07","TCGA-HT-7694-01A","Primary","242cf713-1c1b-4a2f-8e8e-253fb50cfd7f","Primary Tumor","male","Mutant",26,"Not expressed","Mutant","WT","IDHmut-R2","IDH"
"TCGA-DU-7013-01A-11R-2027-07","TCGA-DU-7013-01A","Primary","0f43b42c-ee65-4df3-bdff-2101e15b7c9b","Primary Tumor","male","WT",40,"Expressed","Mutant","WT","IDHwt-R3","RTK II 'Classic'"
"TCGA-QH-A65S-01A-11R-A29R-07","TCGA-QH-A65S-01A","Primary","c4c1a856-c132-45af-a7bf-9ca1423573f1","Primary Tumor","female","Mutant",20,"Not expressed","WT","Mutant","IDHmut-R3","IDH"
"TCGA-EZ-7264-01A-11R-2027-07","TCGA-EZ-7264-01A","Primary","eecba415-5517-4265-8944-07aacbc679fb","Primary Tumor","female","Mutant",26,"Expressed","Mutant","WT","IDHmut-R1","IDH"
"TCGA-R8-A6MK-01A-11R-A32Q-07","TCGA-R8-A6MK-01A","Primary","9d5271fb-fb69-4656-a9e7-bc22b6c610ec","Primary Tumor","male","Mutant",22,"Expressed",NA,"WT","IDHmut-R1","IDH"
"TCGA-FG-8181-01A-11R-2256-07","TCGA-FG-8181-01A","Primary","881c4a1d-ca81-4727-ada0-bcfa7720ae3a","Primary Tumor","male","WT",0,"Not expressed","WT","WT","IDHwt-R4","Mesenchymal"
"TCGA-WY-A85B-01A-11R-A36H-07","TCGA-WY-A85B-01A","Primary","9c3333ea-8af2-4d4c-a068-23c2e87e390b","Primary Tumor","male","Mutant",8,"Not expressed",NA,"Mutant","IDHmut-R3","IDH"
"TCGA-TQ-A7RU-01A-21R-A34F-07","TCGA-TQ-A7RU-01A","Primary","653a8e06-0ce1-43c0-b624-4ff2721b2e0b","Primary Tumor","male","Mutant",32,"Expressed",NA,"WT","IDHmut-R1","IDH"
"TCGA-FG-6690-01A-11R-1896-07","TCGA-FG-6690-01A","Primary","f6c7b8c5-02df-4b89-b527-f647762a98b7","Primary Tumor","male","Mutant",17,"Not expressed","WT","Mutant","IDHmut-R3","IDH"
"TCGA-E1-A7YN-01A-11R-A34F-07","TCGA-E1-A7YN-01A","Primary","32e25dd3-4940-47e9-abd3-a18551f28e99","Primary Tumor","female","WT",58,"Not expressed",NA,"WT","IDHwt-R2","Mesenchymal"
"TCGA-DU-7010-01A-11R-2027-07","TCGA-DU-7010-01A","Primary","a6da348e-a70c-4620-bfcb-2afbe893284b","Primary Tumor","female","Mutant",83,"Not expressed","WT","WT","IDHmut-R3","IDH"
"TCGA-HT-7608-01A-11R-2090-07","TCGA-HT-7608-01A","Primary","5dd65f0d-5142-4661-beb6-76d195b5f85c","Primary Tumor","male","Mutant",16,"Expressed","Mutant","WT","IDHmut-R1","IDH"
"TCGA-QH-A6X5-01A-12R-A32Q-07","TCGA-QH-A6X5-01A","Primary","8f6d6406-9d7b-492f-b1fc-7d81819c6f13","Primary Tumor","female","Mutant",15,"Expressed",NA,"WT","IDHmut-R1","IDH"
"TCGA-E1-A7YH-01A-11R-A34F-07","TCGA-E1-A7YH-01A","Primary","dbc12ed0-4309-4509-bcf6-10e698f3094a","Primary Tumor","female","Mutant",22,"Not expressed",NA,"Mutant","IDHmut-R3","IDH"
"TCGA-S9-A7R3-01A-11R-A34R-07","TCGA-S9-A7R3-01A","Primary","552094ab-c348-478b-8e43-9e9ecdb6f38e","Primary Tumor","female","Mutant",28,"Not expressed",NA,"WT","IDHmut-R3","IDH"
"TCGA-HW-8320-01A-11R-2404-07","TCGA-HW-8320-01A","Primary","246fe972-5e77-4fff-bd49-3f1cf7c71d97","Primary Tumor","male","Mutant",22,"Not expressed","WT","WT","IDHmut-R3","IDH"
"TCGA-CS-6669-01A-11R-1896-07","TCGA-CS-6669-01A","Primary","57fae3bd-b822-4855-a4a1-afdcc20f6071","Primary Tumor","female","WT",0,"Not expressed","WT","WT","IDHwt-R4","Mesenchymal"
"TCGA-FG-6689-01A-11R-1896-07","TCGA-FG-6689-01A","Primary","d81c3f19-bbcf-4071-8ba4-cb8c505307d7","Primary Tumor","male","Mutant",13,"Not expressed",NA,"Mutant","IDHmut-R3","IDH"
"TCGA-HT-7602-01A-21R-2090-07","TCGA-HT-7602-01A","Primary","0997bb1a-f0a4-4cb8-9714-5baf9c391ce8","Primary Tumor","male","Mutant",3,"Not expressed","WT","WT","IDHmut-R3","IDH"
"TCGA-TM-A7C3-01A-11R-A32Q-07","TCGA-TM-A7C3-01A","Primary","da23a6cb-74e7-4306-8e0b-6c3a16237bb5","Primary Tumor","female","WT",63,"Expressed",NA,"WT","IDHwt-R1","RTK II 'Classic'"
"TCGA-HT-7609-01A-11R-2090-07","TCGA-HT-7609-01A","Primary","ae23f336-e901-4e45-b139-5e105060d3af","Primary Tumor","male","Mutant",18,"Not expressed","WT","WT","IDHmut-R3","IDH"
"TCGA-DU-8166-01A-11R-2256-07","TCGA-DU-8166-01A","Primary","ab6abe09-aeef-440b-ab08-04c3d5cbe8b7","Primary Tumor","female","Mutant",18,"Not expressed","WT","Mutant","IDHmut-R3","IDH"
"TCGA-DU-7299-01A-21R-2027-07","TCGA-DU-7299-01A","Primary","2cc27b3f-8899-4105-adbb-efd68413ca7a","Primary Tumor","male","Mutant",23,"Not expressed","WT","WT","IDHmut-R3","IDH"
"TCGA-FG-8189-01B-11R-A28M-07","TCGA-FG-8189-01B","Primary","f4b54cf4-861d-4754-a7e4-7f88dde8f04f","Primary Tumor","female","Mutant",0,"Not expressed","WT","WT","IDHmut-R2","Mesenchymal"
"TCGA-HT-7606-01A-11R-2090-07","TCGA-HT-7606-01A","Primary","45a4b555-bf05-4599-bafd-bb4129a5132f","Primary Tumor","female","Mutant",32,"Not expressed","WT","WT","IDHmut-R3","IDH"
"TCGA-KT-A74X-01A-11R-A32Q-07","TCGA-KT-A74X-01A","Primary","a36cdee1-0b8f-4720-abad-5dbf06857c1e","Primary Tumor","male","Mutant",9,"Expressed",NA,"WT","IDHmut-R1","IDH"
"TCGA-CS-5395-01A-01R-1470-07","TCGA-CS-5395-01A","Primary","cb40f8bb-879e-496d-ae52-5535b277a952","Primary Tumor","male","WT",39,"Expressed","Mutant","WT","IDHwt-R4","Mesenchymal"
"TCGA-HT-7902-01A-12R-2403-07","TCGA-HT-7902-01A","Primary","6b57ec87-e97a-40e4-ab96-fca9fa9d6854","Primary Tumor","female","Mutant",13,"Not expressed","WT","Mutant","IDHmut-R3","IDH"
"TCGA-S9-A7J3-01A-21R-A34R-07","TCGA-S9-A7J3-01A","Primary","ad1c7bde-bd29-471f-a05c-c2ea51bcdac9","Primary Tumor","female","Mutant",17,"Expressed",NA,"WT","IDHmut-R1","IDH"
"TCGA-S9-A6TV-01A-12R-A34R-07","TCGA-S9-A6TV-01A","Primary","b810d117-8d9b-4dd8-a24b-dc49b030de71","Primary Tumor","male","Mutant",33,"Not expressed",NA,"Mutant","IDHmut-R3","IDH"
"TCGA-DB-5278-01A-01R-1470-07","TCGA-DB-5278-01A","Primary","11437143-41f5-4005-9124-4d6a4a2f0e2d","Primary Tumor","male","Mutant",7,"Not expressed","WT","WT","IDHmut-R2","IDH"
"TCGA-HT-A5RB-01A-11R-A28M-07","TCGA-HT-A5RB-01A","Primary","3b43c7f2-592a-40a1-98af-5adcabd9960d","Primary Tumor","male","Mutant",20,"Not expressed","WT","Mutant","IDHmut-R2","IDH"
"TCGA-S9-A6WP-01A-12R-A34F-07","TCGA-S9-A6WP-01A","Primary","3591eea7-3c9e-41f4-be6c-c7c23cd600e6","Primary Tumor","male","Mutant",24,"Not expressed",NA,"WT","IDHmut-R1","IDH"
"TCGA-HT-8010-01A-11R-2403-07","TCGA-HT-8010-01A","Primary","aa7309ef-9ca0-4e40-927e-506eaefa4558","Primary Tumor","female","Mutant",12,"Not expressed","WT","WT","IDHmut-R2","IDH"
"TCGA-DU-8165-01A-11R-2256-07","TCGA-DU-8165-01A","Primary","066043e1-0af9-4289-b9d5-0a9523a16ccc","Primary Tumor","female","WT",60,"Expressed","Mutant","WT","IDHwt-R2","Mesenchymal"
"TCGA-DU-7292-01A-11R-2027-07","TCGA-DU-7292-01A","Primary","bd3011c5-fcf0-4b28-8d82-1175f69b118b","Primary Tumor","male","WT",46,"Not expressed","WT","WT","IDHwt-R4","RTK II 'Classic'"
"TCGA-S9-A6WQ-01A-12R-A34F-07","TCGA-S9-A6WQ-01A","Primary","a267402b-abb0-4a83-9dea-975693c09ba5","Primary Tumor","female","Mutant",34,"Not expressed",NA,"Mutant","IDHmut-R3","IDH"
"TCGA-DU-6396-01A-11R-1708-07","TCGA-DU-6396-01A","Primary","0f4d8393-18bd-4700-9eea-e24ee16cf0f8","Primary Tumor","female","Mutant",42,"Not expressed","WT","Mutant","IDHmut-R3","IDH"
"TCGA-DB-A64V-01A-11R-A29R-07","TCGA-DB-A64V-01A","Primary","b66901d8-e76c-4d43-9a93-6d3b5e625f0f","Primary Tumor","male","Mutant",22,"Not expressed","Mutant","WT","IDHmut-R3","IDH"
"TCGA-DB-5281-01A-01R-1470-07","TCGA-DB-5281-01A","Primary","eec06bbb-c917-4a8e-bab1-7c584bb15377","Primary Tumor","male","Mutant",50,"Not expressed","WT","Mutant","IDHmut-R2","IDH"
"TCGA-DB-A4XE-01A-11R-A27Q-07","TCGA-DB-A4XE-01A","Primary","8a2f5dd5-22a4-4b67-b314-7944d6cc3626","Primary Tumor","female","Mutant",21,"Not expressed","WT","Mutant","IDHmut-R3","IDH"
"TCGA-DU-A6S3-01A-12R-A32Q-07","TCGA-DU-A6S3-01A","Primary","af776424-fdcb-4525-83e4-bb2c7129baab","Primary Tumor","male","Mutant",32,"Expressed",NA,"WT","IDHmut-R2","IDH"
"TCGA-P5-A737-01A-11R-A32Q-07","TCGA-P5-A737-01A","Primary","de2476e9-414f-430f-8ee6-a661aa36e2dc","Primary Tumor","male","Mutant",15,"Expressed",NA,"WT","IDHmut-R1","IDH"
"TCGA-P5-A5EX-01A-12R-A28M-07","TCGA-P5-A5EX-01A","Primary","865f4ef4-4d1c-4cea-a6de-ce7901dea213","Primary Tumor","female","Mutant",24,"Expressed","Mutant","WT","IDHmut-R3","IDH"
"TCGA-HT-7607-01A-11R-2090-07","TCGA-HT-7607-01A","Primary","c31e9be1-963f-4038-88ba-20c44a3ffb55","Primary Tumor","female","Mutant",25,"Expressed","Mutant","WT","IDHmut-R2","Mesenchymal"
"TCGA-FG-7638-01B-12R-2090-07","TCGA-FG-7638-01B","Primary","2362a118-c13a-4e4b-8158-8889be60a6c3","Primary Tumor","female","Mutant",17,"Expressed","Mutant","Mutant","IDHmut-R2","IDH"
"TCGA-HT-7476-01A-11R-2027-07","TCGA-HT-7476-01A","Primary","50823838-03b8-4cd8-a40d-8439011c9b38","Primary Tumor","male","Mutant",18,"Not expressed","WT","Mutant","IDHmut-R2","IDH"
"TCGA-VV-A86M-01A-11R-A36H-07","TCGA-VV-A86M-01A","Primary","963d7c4c-3315-4ef1-90cd-174802eafbae","Primary Tumor","female","Mutant",11,"Not expressed",NA,"WT","IDHmut-R3","IDH"
"TCGA-TM-A84R-01A-21R-A36H-07","TCGA-TM-A84R-01A","Primary","037435c9-1a97-4806-bc50-f8cdaef4f812","Primary Tumor","male","Mutant",3,"Not expressed",NA,"WT","IDHmut-R2","Mesenchymal"
"TCGA-FG-7634-01A-11R-2090-07","TCGA-FG-7634-01A","Primary","c61dc6ef-03d0-4bc2-a847-6b600e00f1af","Primary Tumor","male","Mutant",15,"Expressed","Mutant","WT","IDHmut-R1","IDH"
"TCGA-P5-A72X-01A-11R-A32Q-07","TCGA-P5-A72X-01A","Primary","61314349-61b0-4b96-9a08-10996b56802d","Primary Tumor","male","Mutant",8,"Not expressed",NA,"WT","IDHmut-R3","IDH"
"TCGA-HT-7480-01A-11R-2090-07","TCGA-HT-7480-01A","Primary","3d969ba1-5a5b-4c91-99d9-1bfededf0525","Primary Tumor","male","Mutant",23,"Expressed","Mutant","WT","IDHmut-R2","IDH"
"TCGA-TQ-A7RM-01A-11R-A33Z-07","TCGA-TQ-A7RM-01A","Primary","53e2bc94-d33d-4f11-9ad9-190fccc13b6d","Primary Tumor","female","Mutant",54,"Not expressed",NA,"WT","IDHmut-R3","IDH"
"TCGA-E1-A7Z3-01A-11R-A34R-07","TCGA-E1-A7Z3-01A","Primary","32f94f69-8bc8-4e8a-aa99-476fc0ebd907","Primary Tumor","female","Mutant",19,"Not expressed",NA,"Mutant","IDHmut-R2","IDH"
"TCGA-DH-A7UV-01A-12R-A34F-07","TCGA-DH-A7UV-01A","Primary","e5a88b99-e655-4570-a5c0-80c17903463b","Primary Tumor","male","Mutant",30,"Not expressed",NA,"Mutant","IDHmut-R3","IDH"
"TCGA-QH-A870-01A-11R-A36H-07","TCGA-QH-A870-01A","Primary","c1c87e01-efc3-433f-ba79-4a79b292870b","Primary Tumor","female","Mutant",18,"Not expressed",NA,"Mutant","IDHmut-R3","IDH"
"TCGA-DU-A6S6-01A-21R-A32Q-07","TCGA-DU-A6S6-01A","Primary","484d81ef-1199-41b6-a2ec-3d7e96222402","Primary Tumor","female","Mutant",14,"Expressed",NA,"WT","IDHmut-R2","IDH"
"TCGA-RY-A845-01A-11R-A36H-07","TCGA-RY-A845-01A","Primary","27b43551-4d86-4113-8fb0-3a20abed5a1a","Primary Tumor","female","Mutant",25,"Not expressed",NA,"WT","IDHmut-R3","IDH"
"TCGA-DU-A76L-01A-11R-A32Q-07","TCGA-DU-A76L-01A","Primary","ad05b522-f81f-46dc-898d-fc37cc66d4c4","Primary Tumor","male","WT",40,"Expressed",NA,"WT","IDHwt-R3","Mesenchymal"
"TCGA-DU-7294-01A-11R-2027-07","TCGA-DU-7294-01A","Primary","c2d0a3c8-2354-475c-9027-5df9523391ce","Primary Tumor","female","Mutant",54,"Expressed","Mutant","WT","IDHmut-R1","IDH"
"TCGA-HT-7471-01A-11R-2256-07","TCGA-HT-7471-01A","Primary","4a579925-cca7-4212-9299-843bb6eb0eb7","Primary Tumor","female","Mutant",16,"Expressed","Mutant","WT","IDHmut-R1","IDH"
"TCGA-QH-A65X-01A-11R-A32Q-07","TCGA-QH-A65X-01A","Primary","7d4f671b-4a40-44f0-b23c-70c5b8881b26","Primary Tumor","female","Mutant",19,"Expressed",NA,"WT","IDHmut-R1","IDH"
"TCGA-HT-7610-01A-21R-2090-07","TCGA-HT-7610-01A","Primary","40592b11-f9a7-4224-8ac2-1e3528660f4e","Primary Tumor","female","Mutant",14,"Not expressed","WT","Mutant","IDHmut-R2","IDH"
"TCGA-HW-7495-01A-11R-2027-07","TCGA-HW-7495-01A","Primary","1ccc7965-99a5-420a-b5ab-f9853b50e3b1","Primary Tumor","female","Mutant",12,"Expressed","Mutant","WT","IDHmut-R2","IDH"
"TCGA-DB-5280-01A-01R-1470-07","TCGA-DB-5280-01A","Primary","d9b929fd-335c-46b1-b60d-b846c372aa6a","Primary Tumor","male","Mutant",19,"Not expressed","WT","Mutant","IDHmut-R3","IDH"
"TCGA-HT-7472-01A-11R-2027-07","TCGA-HT-7472-01A","Primary","f05081a2-2465-4ea4-9ec3-319810fe2d45","Primary Tumor","male","Mutant",20,"Not expressed","WT","Mutant","IDHmut-R3","IDH"
"TCGA-P5-A72U-01A-31R-A32Q-07","TCGA-P5-A72U-01A","Primary","62975e0d-5145-497e-9722-26a7b733ea41","Primary Tumor","female","WT",54,"Not expressed",NA,"WT","IDHwt-R1","Mesenchymal"
"TCGA-HT-A5RA-01A-11R-A28M-07","TCGA-HT-A5RA-01A","Primary","cd11e820-890f-42d2-81d8-cc7508725782","Primary Tumor","female","WT",55,"Expressed","Mutant","WT","IDHwt-R1","RTK II 'Classic'"
"TCGA-E1-A7YI-01A-11R-A34F-07","TCGA-E1-A7YI-01A","Primary","ecb00b0b-61b8-4ce1-ae3c-0919bbbf5edf","Primary Tumor","female","Mutant",40,"Not expressed",NA,"Mutant","IDHmut-R3","IDH"
"TCGA-S9-A7R4-01A-12R-A34R-07","TCGA-S9-A7R4-01A","Primary","dd6d0b7c-819d-4572-baad-d46618e0e47f","Primary Tumor","male","Mutant",24,"Not expressed",NA,"WT","IDHmut-R3","IDH"
"TCGA-DB-A4X9-01A-11R-A26U-07","TCGA-DB-A4X9-01A","Primary","5753d0c8-fbd5-42a0-a9d6-548c60a21a70","Primary Tumor","female","Mutant",23,"Not expressed","WT","WT","IDHmut-R3","IDH"
"TCGA-E1-5322-01A-01R-1470-07","TCGA-E1-5322-01A","Primary","c65b7bd1-bd38-4adb-802b-f0d99278a6be","Primary Tumor","female","Mutant",22,"Not expressed","Mutant","Mutant","IDHmut-R3","IDH"
"TCGA-FG-A710-01A-12R-A33Z-07","TCGA-FG-A710-01A","Primary","f36c7739-cf5f-4a13-96b6-cbdbf6e06b64","Primary Tumor","female","Mutant",23,"Expressed",NA,"WT","IDHmut-R1","IDH"
"TCGA-FG-6692-01A-11R-1896-07","TCGA-FG-6692-01A","Primary","fddb3709-5f1c-40c8-a39a-48329dfe9c97","Primary Tumor","male","WT",86,"Expressed","Mutant","WT","IDHwt-R1","RTK II 'Classic'"
"TCGA-TM-A84M-01A-11R-A36H-07","TCGA-TM-A84M-01A","Primary","43eb616e-6ccc-465c-a618-ef4088a1dd9a","Primary Tumor","male","Mutant",24,"Expressed",NA,"WT","IDHmut-R1","IDH"
"TCGA-P5-A5EY-01A-11R-A27Q-07","TCGA-P5-A5EY-01A","Primary","76994c12-2421-4f1b-a052-e7c62a9cd0ea","Primary Tumor","male","WT",2,"Not expressed","WT","WT","IDHwt-R4","Mesenchymal"
"TCGA-DU-7011-01A-11R-2027-07","TCGA-DU-7011-01A","Primary","60526a24-f266-4355-a37f-86a7b8adf0b1","Primary Tumor","male","Mutant",13,"Not expressed",NA,"Mutant","IDHmut-R3","IDH"
"TCGA-CS-6665-01A-11R-1896-07","TCGA-CS-6665-01A","Primary","abddb338-559a-4386-872b-d1a57c460113","Primary Tumor","female","Mutant",75,"Not expressed","WT","WT","IDHmut-R3","IDH"
"TCGA-FG-5962-01B-11R-1896-07","TCGA-FG-5962-01B","Primary","86c429b0-bf15-40ab-b9bc-65b8263e0081","Primary Tumor","male","Mutant",22,"Expressed","Mutant","WT","IDHmut-R2","IDH"
"TCGA-DU-7300-01A-21R-2090-07","TCGA-DU-7300-01A","Primary","dab94e24-315c-4a92-ab8e-f27be3c1a413","Primary Tumor","female","Mutant",51,"Expressed","Mutant","WT","IDHmut-R2","IDH"
"TCGA-FG-8187-01A-11R-2256-07","TCGA-FG-8187-01A","Primary","3e83bbc8-55c3-4724-a4b6-1badc75d8aad","Primary Tumor","male","Mutant",9,"Expressed","Mutant","WT","IDHmut-R3","IDH"
"TCGA-WY-A859-01A-12R-A36H-07","TCGA-WY-A859-01A","Primary","5861f47e-3230-4447-9579-2c79fee312f8","Primary Tumor","female","Mutant",27,"Not expressed",NA,"WT","IDHmut-R2","IDH"
"TCGA-E1-A7YO-01A-11R-A34F-07","TCGA-E1-A7YO-01A","Primary","350ba65b-a4ba-432a-bb00-3f1271301234","Primary Tumor","male","Mutant",28,"Expressed",NA,"WT","IDHmut-R2","IDH"
"TCGA-HT-7881-01A-11R-2403-07","TCGA-HT-7881-01A","Primary","5b43372b-75bb-49a7-863c-5ac853d0b120","Primary Tumor","male","Mutant",7,"Expressed","Mutant","WT","IDHmut-R2","Mesenchymal"
"TCGA-TM-A84G-01A-11R-A36H-07","TCGA-TM-A84G-01A","Primary","2930ad75-d51d-4958-b58f-f67080bf5910","Primary Tumor","female","Mutant",35,"Expressed",NA,"WT","IDHmut-R1","IDH"
"TCGA-DB-A64O-01A-11R-A29R-07","TCGA-DB-A64O-01A","Primary","d451f8ed-f100-49e6-8292-738d1fdeaf9b","Primary Tumor","male","WT",18,"Expressed","Mutant","WT","IDHwt-R4","Mesenchymal"
"TCGA-HT-7474-01A-11R-2027-07","TCGA-HT-7474-01A","Primary","335f4b6b-c4b2-4624-81f2-8fc568d10f16","Primary Tumor","male","Mutant",20,"Not expressed","WT","Mutant","IDHmut-R2","IDH"
"TCGA-TM-A84I-01A-11R-A36H-07","TCGA-TM-A84I-01A","Primary","52a94907-86f3-4651-857e-9d857a5ad43b","Primary Tumor","male","Mutant",33,"Not expressed",NA,"Mutant","IDHmut-R3","IDH"
"TCGA-HT-7855-01A-11R-2403-07","TCGA-HT-7855-01A","Primary","f0697540-4ae3-4e77-bc2e-a5925af4ffef","Primary Tumor","male","Mutant",32,"Not expressed","WT","Mutant","IDHmut-R3","IDH"
"TCGA-HT-8563-01A-11R-2404-07","TCGA-HT-8563-01A","Primary","0c9258a7-d24d-4804-988b-aea0adfc3fe7","Primary Tumor","female","Mutant",27,"Not expressed","WT","Mutant","IDHmut-R3","IDH"
"TCGA-TM-A7CF-01A-11R-A32Q-07","TCGA-TM-A7CF-01A","Primary","abe68bc0-fe69-409e-851e-3ccf10c8ac94","Primary Tumor","female","Mutant",22,"Not expressed","WT","WT","IDHmut-R2","IDH"
"TCGA-DU-8168-01A-11R-2256-07","TCGA-DU-8168-01A","Primary","064e3223-313a-4353-a940-d2ce2220e438","Primary Tumor","female","Mutant",58,"Expressed","Mutant","WT","IDHmut-R1","IDH"
"TCGA-FG-A713-01A-11R-A32Q-07","TCGA-FG-A713-01A","Primary","8cda26bb-dae1-480e-b15a-9c0bf371356e","Primary Tumor","female","Mutant",23,"Not expressed",NA,"Mutant","IDHmut-R2","Mesenchymal"
"TCGA-VM-A8CE-01A-11R-A36H-07","TCGA-VM-A8CE-01A","Primary","f4a1c3af-56a6-4195-9e3f-1e8c89ed7793","Primary Tumor","male","Mutant",10,"Expressed",NA,"WT","IDHmut-R1","IDH"
"TCGA-DU-A7TJ-01A-11R-A34R-07","TCGA-DU-A7TJ-01A","Primary","da336b2f-9e6d-44bc-b1b9-04c1e610b676","Primary Tumor","male","WT",40,"Expressed",NA,"WT","IDHwt-R1","RTK II 'Classic'"
"TCGA-HT-8015-01B-11R-A28M-07","TCGA-HT-8015-01B","Primary","e8d32d85-6f38-4f8d-bfd0-50285fd2b580","Primary Tumor","male","WT",2,"Not expressed","WT","WT","IDHwt-R4","Mesenchymal"
"TCGA-E1-A7YD-01A-11R-A34F-07","TCGA-E1-A7YD-01A","Primary","6d5d91e7-3f60-4508-98fe-cd22182d5f58","Primary Tumor","male","WT",59,"Expressed",NA,"WT","IDHwt-R3","RTK I 'PDGFRA'"
"TCGA-HT-7603-01A-21R-2090-07","TCGA-HT-7603-01A","Primary","9e8a3c17-abc3-42b8-a786-186885a52bc9","Primary Tumor","male","Mutant",25,"Not expressed","WT","Mutant","IDHmut-R2","IDH"
"TCGA-HT-7677-01A-11R-2256-07","TCGA-HT-7677-01A","Primary","441d4146-ff65-486c-957b-1cecb3552bec","Primary Tumor","male","Mutant",23,"Expressed","Mutant","WT","IDHmut-R1","IDH"
"TCGA-S9-A89Z-01A-11R-A36H-07","TCGA-S9-A89Z-01A","Primary","45e06e12-1003-4924-906a-eee733fa485a","Primary Tumor","male","Mutant",57,"Not expressed",NA,"WT","IDHmut-R3","IDH"
"TCGA-DU-5855-01A-11R-1708-07","TCGA-DU-5855-01A","Primary","66633b7c-7fd9-437e-9ab0-b01c354514b4","Primary Tumor","female","Mutant",49,"Not expressed","WT","Mutant","IDHmut-R3","IDH"
"TCGA-DU-6401-01A-11R-1708-07","TCGA-DU-6401-01A","Primary","680dbc4e-5cec-4e76-848f-72bc0a2407c6","Primary Tumor","female","Mutant",21,"Not expressed","WT","Mutant","IDHmut-R3","IDH"
"TCGA-HT-8109-01A-11R-2404-07","TCGA-HT-8109-01A","Primary","26d3c68c-b239-4434-8632-1c0881154412","Primary Tumor","male","Mutant",24,"Expressed","Mutant","WT","IDHmut-R2","IDH"
"TCGA-VM-A8CD-01A-11R-A36H-07","TCGA-VM-A8CD-01A","Primary","ab72a537-9cfa-4dca-b9bd-1b130fcbff25","Primary Tumor","male","WT",26,"Expressed",NA,"WT","IDHwt-R4","Mesenchymal"
"TCGA-DU-6403-01A-11R-1708-07","TCGA-DU-6403-01A","Primary","664226b3-6c8b-4e0a-a75b-955d65e62da9","Primary Tumor","female","WT",58,"Expressed","Mutant","WT","IDHwt-R3","RTK II 'Classic'"
"TCGA-HW-A5KJ-01A-12R-A27Q-07","TCGA-HW-A5KJ-01A","Primary","aa607767-d21d-4e66-99f4-5e8d0fdb08a0","Primary Tumor","male","Mutant",39,"Expressed","Mutant","WT","IDHmut-R1","IDH"
"TCGA-TM-A84S-01A-11R-A36H-07","TCGA-TM-A84S-01A","Primary","ce93185a-c4b1-4f3e-a8ef-d7748c1c2f5f","Primary Tumor","male","Mutant",11,"Expressed",NA,"WT","IDHmut-R1","IDH"
"TCGA-CS-6290-01A-11R-1708-07","TCGA-CS-6290-01A","Primary","6148f31e-cdba-481b-bcd7-b3aee05925b1","Primary Tumor","male","Mutant",15,"Not expressed","WT","WT","IDHmut-R3","IDH"
"TCGA-DB-A4XA-01A-11R-A26U-07","TCGA-DB-A4XA-01A","Primary","7aa03e23-b8bc-4716-aef9-70ec20057bcf","Primary Tumor","male","Mutant",8,"Expressed","Mutant","WT","IDHmut-R1","IDH"
"TCGA-E1-A7YM-01A-11R-A34F-07","TCGA-E1-A7YM-01A","Primary","4ed28804-afce-4754-a89c-95cf3dd24189","Primary Tumor","male","WT",49,"Expressed",NA,"WT","IDHwt-R4","Mesenchymal"
"TCGA-VM-A8CB-01A-11R-A36H-07","TCGA-VM-A8CB-01A","Primary","da791a2d-d77f-4c48-80ae-b8c3f581f136","Primary Tumor","male","Mutant",26,"Expressed",NA,"WT","IDHmut-R1","IDH"
"TCGA-KT-A7W1-01A-11R-A34F-07","TCGA-KT-A7W1-01A","Primary","dc4e12b5-1826-4be2-8457-4674b6979279","Primary Tumor","female","WT",45,"Expressed",NA,"WT","IDHwt-R1","RTK II 'Classic'"
"TCGA-E1-A7YJ-01A-11R-A34F-07","TCGA-E1-A7YJ-01A","Primary","d2685f3c-f6d5-4ad1-a115-db2187c2f005","Primary Tumor","male","WT",45,"Expressed",NA,"WT","IDHwt-R1","RTK II 'Classic'"
"TCGA-DU-6406-01A-11R-1708-07","TCGA-DU-6406-01A","Primary","92b70ee8-e0bd-4b01-8df9-e06af18af377","Primary Tumor","female","WT",3,"Expressed",NA,"WT","IDHwt-R1","RTK II 'Classic'"
"TCGA-DU-5872-01A-11R-1708-07","TCGA-DU-5872-01A","Primary","048550ee-189d-483d-b07f-b77f10278420","Primary Tumor","female","Mutant",30,"Not expressed","WT","Mutant","IDHmut-R3","IDH"
"TCGA-P5-A72Z-01A-11R-A32Q-07","TCGA-P5-A72Z-01A","Primary","f9e4f7aa-3333-4fa0-bf63-80f361b80a7a","Primary Tumor","female","Mutant",28,"Expressed",NA,"WT","IDHmut-R1","IDH"
"TCGA-HT-A614-01A-11R-A29R-07","TCGA-HT-A614-01A","Primary","f086df4f-ad28-4a0b-bd53-ccc677aa9d44","Primary Tumor","male","Mutant",27,"Not expressed","WT","Mutant","IDHmut-R3","IDH"
"TCGA-DU-7009-01A-11R-2027-07","TCGA-DU-7009-01A","Primary","c7ca8fee-bd73-435b-b351-216e5dc38726","Primary Tumor","female","Mutant",14,"Expressed","Mutant","WT","IDHmut-R2","IDH"
"TCGA-E1-5311-01A-01R-1470-07","TCGA-E1-5311-01A","Primary","3d5b5977-1378-47ca-8fcb-57df49f2b058","Primary Tumor","male","Mutant",15,"Expressed","Mutant","WT","IDHmut-R2","IDH"
"TCGA-FG-8191-01A-11R-2256-07","TCGA-FG-8191-01A","Primary","7e3cafa2-13f1-4852-826e-8528bde7189f","Primary Tumor","male","Mutant",19,"Not expressed","WT","Mutant","IDHmut-R3","IDH"
"TCGA-VM-A8CF-01A-11R-A36H-07","TCGA-VM-A8CF-01A","Primary","8dfc30e6-d433-4628-8e8f-70bf1913026b","Primary Tumor","female","Mutant",39,"Not expressed",NA,"Mutant","IDHmut-R3","IDH"
"TCGA-DU-A5TY-01A-11R-A28M-07","TCGA-DU-A5TY-01A","Primary","f0739840-9fdf-4fb1-8581-542d901e7058","Primary Tumor","female","WT",48,"Expressed","Mutant","WT","IDHwt-R2","Mesenchymal"
"TCGA-S9-A7IZ-01A-11R-A34F-07","TCGA-S9-A7IZ-01A","Primary","b427c72f-8ebd-47a4-8e72-04024625e0b6","Primary Tumor","female","Mutant",26,"Not expressed",NA,"Mutant","IDHmut-R3","IDH"
"TCGA-DU-A7T8-01A-21R-A34R-07","TCGA-DU-A7T8-01A","Primary","9a548d74-39b2-47ec-b95e-ace827e49a6c","Primary Tumor","male","Mutant",14,"Not expressed",NA,"Mutant","IDHmut-R3","IDH"
"TCGA-HW-A5KL-01A-11R-A27Q-07","TCGA-HW-A5KL-01A","Primary","075552a8-8012-4a2d-8281-74fe1567a739","Primary Tumor","female","Mutant",19,"Not expressed","WT","Mutant","IDHmut-R3","IDH"
"TCGA-HT-8114-01A-11R-2404-07","TCGA-HT-8114-01A","Primary","40f3affe-4baa-43e9-8a57-41bddf425201","Primary Tumor","male","Mutant",15,"Not expressed","WT","Mutant","IDHmut-R3","IDH"
"TCGA-WY-A85A-01A-21R-A36H-07","TCGA-WY-A85A-01A","Primary","28dc9d71-c30b-42b4-980c-37befa81cb98","Primary Tumor","male","Mutant",12,"Not expressed",NA,"Mutant","IDHmut-R3","IDH"
"TCGA-S9-A6WI-01A-21R-A33Z-07","TCGA-S9-A6WI-01A","Primary","5a2efcb9-6cdd-411a-a9fb-86134215b375","Primary Tumor","female","Mutant",10,"Not expressed",NA,"WT","IDHmut-R2","Mesenchymal"
"TCGA-DB-5274-01A-01R-1470-07","TCGA-DB-5274-01A","Primary","dc38268f-ee27-4ab1-a811-1c8de3b2c2c3","Primary Tumor","female","Mutant",35,"Expressed","Mutant","WT","IDHmut-R1","IDH"
"TCGA-FG-7641-01B-11R-2256-07","TCGA-FG-7641-01B","Primary","87a975c7-a181-4978-85e2-eca491c59526","Primary Tumor","male","Mutant",19,"Expressed","Mutant","WT","IDHmut-R2","IDH"
"TCGA-S9-A6WH-01A-12R-A33Z-07","TCGA-S9-A6WH-01A","Primary","24722a50-8c3b-4479-a8e4-22bf99abc6d0","Primary Tumor","female","Mutant",41,"Expressed",NA,"WT","IDHmut-R1","IDH"
"TCGA-DB-A75O-01A-11R-A32Q-07","TCGA-DB-A75O-01A","Primary","73a3916a-1326-4781-b9dd-b866484dfb69","Primary Tumor","male","Mutant",14,"Not expressed",NA,"WT","IDHmut-R3","IDH"
"TCGA-VV-A829-01A-21R-A36H-07","TCGA-VV-A829-01A","Primary","9f00d856-b402-46d2-9bb7-2e9e4c2ca19c","Primary Tumor","male","Mutant",27,"Expressed",NA,"WT","IDHmut-R1","IDH"
"TCGA-TQ-A8XE-01A-11R-A36H-07","TCGA-TQ-A8XE-01A","Primary","7c60d0de-b913-4454-bf9f-c554810911b5","Primary Tumor","female","Mutant",37,"Not expressed","WT","WT","IDHmut-R3","IDH"
"TCGA-HT-7611-01A-11R-2403-07","TCGA-HT-7611-01A","Primary","353615d9-30f0-4d27-ae09-c282a392866d","Primary Tumor","male","Mutant",24,"Not expressed","WT","Mutant","IDHmut-R3","IDH"
"TCGA-DU-5874-01A-11R-1708-07","TCGA-DU-5874-01A","Primary","3c7ce3d5-f9e4-4fae-b033-2058446ed7f3","Primary Tumor","female","Mutant",40,"Expressed","Mutant","WT","IDHmut-R1","IDH"
"TCGA-DB-A4XD-01A-11R-A27Q-07","TCGA-DB-A4XD-01A","Primary","101b81f5-e1ff-49c3-a1f2-506c5393b5e3","Primary Tumor","male","Mutant",21,"Not expressed","WT","Mutant","IDHmut-R3","IDH"
"TCGA-RY-A843-01A-11R-A36H-07","TCGA-RY-A843-01A","Primary","91e1c815-bdf7-4f20-a7c4-e683e89953b2","Primary Tumor","male","Mutant",22,"Expressed",NA,"WT","IDHmut-R2","IDH"
"TCGA-E1-A7YV-01A-11R-A34R-07","TCGA-E1-A7YV-01A","Primary","37524c17-0862-4a76-81d7-dbda878766fd","Primary Tumor","female","Mutant",43,"Not expressed",NA,"Mutant","IDHmut-R3","IDH"
"TCGA-FG-A711-01A-21R-A33Z-07","TCGA-FG-A711-01A","Primary","bb4e4925-9bd0-4d79-a887-0f1b2202b5ae","Primary Tumor","female","Mutant",35,"Not expressed",NA,"Mutant","IDHmut-R3","IDH"
"TCGA-DU-5853-01A-11R-1896-07","TCGA-DU-5853-01A","Primary","e4cbef52-bcf5-424b-8ebe-015c4c445c5c","Primary Tumor","male","Mutant",14,"Not expressed","WT","Mutant","IDHmut-R3","IDH"
"TCGA-DU-7006-01A-11R-2027-07","TCGA-DU-7006-01A","Primary","21e471e0-6b87-4d98-a7e0-de0f34598460","Primary Tumor","female","WT",52,"Expressed","Mutant","WT","IDHwt-R2","Mesenchymal"
"TCGA-P5-A5F6-01A-11R-A28M-07","TCGA-P5-A5F6-01A","Primary","f9e84d1f-da02-45f9-a26d-e95a32dcc252","Primary Tumor","male","WT",2,"Not expressed","WT","WT","IDHwt-R2","Mesenchymal"
"TCGA-DH-5140-01A-01R-1470-07","TCGA-DH-5140-01A","Primary","10051292-f31c-46ee-9dad-c787282c91d4","Primary Tumor","female","WT",27,"Not expressed","WT","WT","IDHwt-R3","RTK I 'PDGFRA'"
"TCGA-CS-4938-01B-11R-1896-07","TCGA-CS-4938-01B","Primary","99104139-6cb5-44f7-8314-a4ddf02de7d4","Primary Tumor","female","Mutant",15,"Not expressed","WT","Mutant","IDHmut-R3","IDH"
"TCGA-P5-A731-01A-11R-A32Q-07","TCGA-P5-A731-01A","Primary","b0cb193d-fecc-4a16-ad5f-7f4c9641bbf3","Primary Tumor","female","Mutant",23,"Expressed",NA,"WT","IDHmut-R2","IDH"
"TCGA-TQ-A7RK-02A-11R-A36H-07","TCGA-TQ-A7RK-02A","Recurrence","5f9feee1-f472-4660-b40b-4bfdc5c59678","Recurrent Tumor","male",NA,NA,NA,NA,NA,NA,NA
"TCGA-S9-A7J1-01A-21R-A34R-07","TCGA-S9-A7J1-01A","Primary","7a97e153-4582-49f0-b127-829d0596c839","Primary Tumor","male","Mutant",18,"Expressed",NA,"WT","IDHmut-R1","IDH"
"TCGA-E1-5318-01A-01R-1470-07","TCGA-E1-5318-01A","Primary","edc32a96-f912-4348-80d4-72d08129db53","Primary Tumor","female","Mutant",26,"Expressed","Mutant","WT","IDHmut-R1","IDH"
"TCGA-HW-7487-01A-11R-2027-07","TCGA-HW-7487-01A","Primary","3040f10c-04e1-4cf8-8ead-d74c856425c8","Primary Tumor","male","Mutant",18,"Expressed","Mutant","WT","IDHmut-R2","IDH"
"TCGA-HT-7875-01A-11R-2403-07","TCGA-HT-7875-01A","Primary","ea2467f5-1977-41bc-9705-1bc7c9c7e21f","Primary Tumor","male","Mutant",27,"Expressed","Mutant","WT","IDHmut-R2","IDH"
"TCGA-S9-A6TX-01A-21R-A32Q-07","TCGA-S9-A6TX-01A","Primary","c601bfcc-aab2-4a98-ba25-df3afad97147","Primary Tumor","male","Mutant",28,"Expressed",NA,"WT","IDHmut-R1","IDH"
"TCGA-HT-7880-01A-11R-2403-07","TCGA-HT-7880-01A","Primary","f81a83d4-b20c-41a2-af44-beb76e98db7e","Primary Tumor","male","Mutant",5,"Not expressed","WT","Mutant","IDHmut-R2","Mesenchymal"
"TCGA-TQ-A7RS-01A-12R-A33Z-07","TCGA-TQ-A7RS-01A","Primary","eb417831-8cc9-464c-90fd-67fe495b87a1","Primary Tumor","female","Mutant",18,"Expressed",NA,"WT","IDHmut-R1","IDH"
"TCGA-S9-A7QX-01A-11R-A34F-07","TCGA-S9-A7QX-01A","Primary","9d8c282f-b7b3-4ebc-8f2e-8ca2a447e1d3","Primary Tumor","female","Mutant",25,"Not expressed",NA,"Mutant","IDHmut-R3","IDH"
"TCGA-P5-A730-01A-11R-A32Q-07","TCGA-P5-A730-01A","Primary","24c51b9e-585d-466f-ab2d-05e182042cab","Primary Tumor","male","Mutant",20,"Expressed",NA,"WT","IDHmut-R1","IDH"
"TCGA-QH-A6XA-01A-12R-A32Q-07","TCGA-QH-A6XA-01A","Primary","e088b85b-3ef2-4105-9e13-06166e782b8e","Primary Tumor","female","Mutant",13,"Not expressed",NA,"Mutant","IDHmut-R3","IDH"
"TCGA-HT-7854-01A-11R-2256-07","TCGA-HT-7854-01A","Primary","50ed72f4-6fd5-4c63-8fd7-5147d11bb649","Primary Tumor","male","WT",26,"Not expressed","Mutant","WT","IDHwt-R4","Mesenchymal"
"TCGA-HT-7478-01A-11R-2027-07","TCGA-HT-7478-01A","Primary","7d044ffd-252d-4e5d-9c33-a5cd8bc39263","Primary Tumor","male","Mutant",23,"Not expressed","WT","Mutant","IDHmut-R3","IDH"
"TCGA-QH-A65R-01A-21R-A31N-07","TCGA-QH-A65R-01A","Primary","5fb877a9-e341-415e-a76b-7964e4e224eb","Primary Tumor","female","Mutant",26,"Expressed",NA,"WT","IDHmut-R1","IDH"
"TCGA-VM-A8C9-01A-11R-A36H-07","TCGA-VM-A8C9-01A","Primary","90f1b7e9-d3da-491f-bc88-cd6025109dc3","Primary Tumor","female","WT",3,"Not expressed",NA,"WT","IDHwt-R2","Mesenchymal"
"TCGA-HT-7857-01A-11R-2403-07","TCGA-HT-7857-01A","Primary","a7357fa3-3468-4288-99c2-624d885d471c","Primary Tumor","female","WT",19,"Not expressed","WT","Mutant","IDHwt-R2","Mesenchymal"
"TCGA-P5-A72W-01A-11R-A32Q-07","TCGA-P5-A72W-01A","Primary","09090b7e-88e1-4b32-acaf-107805ebf457","Primary Tumor","male","Mutant",38,"Not expressed",NA,"Mutant","IDHmut-R3","IDH"
"TCGA-HT-8104-01A-11R-2404-07","TCGA-HT-8104-01A","Primary","13845ba9-5fc0-408a-8ca9-ac32511765b7","Primary Tumor","female","WT",68,"Expressed","Mutant","WT","IDHwt-R2","RTK II 'Classic'"
"TCGA-DH-5142-01A-01R-1470-07","TCGA-DH-5142-01A","Primary","9dbfe00b-fae8-4765-bf20-4f3cc45880e9","Primary Tumor","male","Mutant",23,"Not expressed","WT","Mutant","IDHmut-R3","IDH"
"TCGA-TQ-A7RR-01A-21R-A34F-07","TCGA-TQ-A7RR-01A","Primary","0d66d354-db1b-419b-993f-df2522418f8b","Primary Tumor","male","Mutant",22,"Not expressed",NA,"Mutant","IDHmut-R3","IDH"
"TCGA-E1-5304-01A-01R-1470-07","TCGA-E1-5304-01A","Primary","c0c3de52-8c77-47e9-9941-a65e66f0eb88","Primary Tumor","male","Mutant",30,"Not expressed","WT","Mutant","IDHmut-R3","IDH"
"TCGA-S9-A6WL-01A-21R-A33Z-07","TCGA-S9-A6WL-01A","Primary","1ef08894-a6fa-42b7-b3fb-d5973dd9f944","Primary Tumor","male","Mutant",38,"Expressed",NA,"WT","IDHmut-R2","IDH"
"TCGA-FG-6691-01A-11R-1896-07","TCGA-FG-6691-01A","Primary","87800b98-1fd3-4a09-ac98-3125962bfa72","Primary Tumor","female","Mutant",8,"Not expressed","WT","Mutant","IDHmut-R3","IDH"
"TCGA-FG-8186-01A-11R-2256-07","TCGA-FG-8186-01A","Primary","b5e4e398-8344-4d8a-a2d9-3e2996c22fd9","Primary Tumor","female","Mutant",20,"Not expressed","Mutant","WT","IDHmut-R1","IDH"
"TCGA-DU-A5TS-01A-11R-A28M-07","TCGA-DU-A5TS-01A","Primary","2a40e1bc-e69f-4347-bb54-0151c0416c44","Primary Tumor","male","Mutant",41,"Not expressed","WT","Mutant","IDHmut-R3","IDH"
"TCGA-P5-A5ET-01A-11R-A27Q-07","TCGA-P5-A5ET-01A","Primary","d6725a25-19cd-49c3-96ba-a3fe3299ad0d","Primary Tumor","male","Mutant",20,"Expressed","Mutant","WT","IDHmut-R2","IDH"
"TCGA-HT-A615-01A-11R-A29R-07","TCGA-HT-A615-01A","Primary","ec131e58-915c-444d-9d6f-f1c7d8038ecd","Primary Tumor","female","Mutant",31,"Expressed","Mutant","WT","IDHmut-R1","IDH"
"TCGA-HT-7468-01A-11R-2027-07","TCGA-HT-7468-01A","Primary","d2775f99-cc96-4c72-94ff-e3ba985dc151","Primary Tumor","male","Mutant",15,"Expressed","Mutant","WT","IDHmut-R1","IDH"
"TCGA-HT-A4DS-01A-11R-A26U-07","TCGA-HT-A4DS-01A","Primary","981c6552-664a-494e-8439-3364e020b66a","Primary Tumor","female","WT",35,"Expressed","Mutant","WT","IDHwt-R2","Mesenchymal"
"TCGA-HT-8107-01A-13R-2404-07","TCGA-HT-8107-01A","Primary","cc207e89-0a9c-4756-bdf1-5fab8b444022","Primary Tumor","male","WT",1,"Not expressed","WT","WT","IDHwt-R4","Mesenchymal"
"TCGA-HT-A5R5-01A-11R-A28M-07","TCGA-HT-A5R5-01A","Primary","e2f412cd-bb4f-4185-8f81-fa3fb49c005d","Primary Tumor","female","Mutant",23,"Not expressed","WT","Mutant","IDHmut-R3","IDH"
"TCGA-HT-7860-01A-11R-2403-07","TCGA-HT-7860-01A","Primary","7b8f26ab-aad4-4191-9c1e-188a3a7a220a","Primary Tumor","female","WT",80,"Expressed","Mutant","WT","IDHwt-R2","RTK II 'Classic'"
"TCGA-TM-A84H-01A-11R-A36H-07","TCGA-TM-A84H-01A","Primary","b2dd0789-0859-419b-a2e0-5f6e011abe1a","Primary Tumor","female","Mutant",39,"Not expressed",NA,"Mutant","IDHmut-R3","IDH"
"TCGA-HT-7681-01A-11R-2403-07","TCGA-HT-7681-01A","Primary","9005e0ab-9301-4e7e-b980-62880373256d","Primary Tumor","female","Mutant",13,"Expressed","Mutant","WT","IDHmut-R2","IDH"
"TCGA-DB-5270-01A-02R-1470-07","TCGA-DB-5270-01A","Primary","4e0b9bb9-73c1-4c0a-b425-b82d41671976","Primary Tumor","female","Mutant",16,"Not expressed",NA,"Mutant","IDHmut-R2","IDH"
"TCGA-IK-8125-01A-11R-2256-07","TCGA-IK-8125-01A","Primary","59246cc0-1c57-46d3-bdf0-a31bb40976a6","Primary Tumor","male","Mutant",43,"Expressed","Mutant","WT","IDHmut-R2","IDH"
